<step title="BackgroundTrace" date="2025-11-21T07:01:35.551" instance="dc7a13" url="/api/publish" method="POST" >
  <step title="Cleanup Xml Logs" date="2025-11-21T07:01:35.580" /><!-- duration: 22ms -->
  <step title="Creating temporary deployment - FetchDeploymentManager" date="2025-11-21T07:01:35.812" /><!-- duration: 10ms -->
  <step title="Creating temporary deployment" date="2025-11-21T07:01:35.842" /><!-- duration: 191ms -->
  <step title="Performing fetch based deployment" date="2025-11-21T07:01:36.346" >
    <step title="Cleaning up temp folders from previous zip deployments and extracting pushed zip file /tmp/zipdeploy/754fc321-10d8-4dfc-9df8-e80fb801fb16.zip (5.60 MB) to /tmp/zipdeploy/extracted" date="2025-11-21T07:01:37.694" >
      <step title="ChmodRecursive Process exited with total time taken in ms: 148" date="2025-11-21T07:01:42.108" /><!-- duration: 2ms -->
    </step><!-- duration: 4425ms -->
    <step title="Deployment timer started" date="2025-11-21T07:01:44.139" >
      <step title="DeploymentManager.Deploy(id:82a6dfd1-65f1-4e3c-b184-3b1dae838592)" date="2025-11-21T07:01:44.156" >
        <step title="Collecting changeset information" date="2025-11-21T07:01:44.198" /><!-- duration: 188ms -->
        <step title="Updating submodules" date="2025-11-21T07:01:44.389" /><!-- duration: 1155ms -->
        <step title="Determining deployment builder" date="2025-11-21T07:01:45.777" >
          <step title="Builder is OryxBuilder" date="2025-11-21T07:01:45.794" /><!-- duration: 4ms -->
        </step><!-- duration: 26ms -->
        <step title="PreDeployment: context.CleanOutputPath False" date="2025-11-21T07:01:45.854" >
          <step title="PreDeployment: context.OutputPath /home/site/wwwroot" date="2025-11-21T07:01:45.996" >
            <step title="Building" date="2025-11-21T07:01:46.187" >
              <step title="Executing external process" date="2025-11-21T07:01:46.542" type="process" path="bash" arguments="-c &quot;oryx build /tmp/zipdeploy/extracted -o /home/site/wwwroot --platform nodejs --platform-version 20 -p virtualenv_name= --log-file /tmp/build-debug.log  -i /tmp/8de28cbd5793786 -p compress_node_modules=tar-gz | tee /tmp/oryx-build.log ; exit $PIPESTATUS &quot;" >
                <step title="Cpu: npm install(984,20.880s)+build.sh(882,0.070s)+oryx(863,8.480s)+tee(864,0.000s)+bash(862,0.000s)=total(29.430s)" date="2025-11-21T07:03:27.976" /><!-- duration: 11ms -->
                <step title="bash: no io activity for 61s, prev-cpu=-1.000s, current-cpu=29.430s" date="2025-11-21T07:03:28.003" /><!-- duration: 2ms -->
                <step title="Cpu: npm install(984,47.400s)+build.sh(882,0.070s)+oryx(863,8.620s)+tee(864,0.000s)+bash(862,0.000s)=total(56.090s)" date="2025-11-21T07:04:28.416" /><!-- duration: 12ms -->
                <step title="bash: no io activity for 121s, prev-cpu=29.430s, current-cpu=56.090s" date="2025-11-21T07:04:28.439" /><!-- duration: 20ms -->
                <step title="Cpu: npm install(984,88.040s)+build.sh(882,0.070s)+oryx(863,8.730s)+tee(864,0.000s)+bash(862,0.000s)=total(96.830s)" date="2025-11-21T07:05:28.993" /><!-- duration: 9ms -->
                <step title="bash: no io activity for 182s, prev-cpu=56.090s, current-cpu=96.830s" date="2025-11-21T07:05:29.024" /><!-- duration: 49ms -->
                <step title="Process dump" date="2025-11-21T07:05:44.965" exitCode="1" type="processOutput" /><!-- duration: 7ms -->
              </step><!-- duration: 238435ms -->
              <step title="Error occurred" date="2025-11-21T07:05:45.137" type="error" text="npm notice
npm notice New major version of npm available! 10.8.2 -&gt; 11.6.3
npm notice Changelog: https://github.com/npm/cli/releases/tag/v11.6.3
npm notice To update run: npm install -g npm@11.6.3
npm notice

&gt; Build error occurred
Error: &gt; Couldn&apos;t find any `pages` or `app` directory. Please create one under the project root
    at findPagesDir (/tmp/8de28cbd5793786/node_modules/next/dist/lib/find-pages-dir.js:42:15)
    at /tmp/8de28cbd5793786/node_modules/next/dist/build/index.js:406:73
    at async Span.traceAsyncFn (/tmp/8de28cbd5793786/node_modules/next/dist/trace/trace.js:154:20)
    at async build (/tmp/8de28cbd5793786/node_modules/next/dist/build/index.js:368:9)
/bin/bash -c &quot;oryx build /tmp/zipdeploy/extracted -o /home/site/wwwroot --platform nodejs --platform-version 20 -p virtualenv_name= --log-file /tmp/build-debug.log  -i /tmp/8de28cbd5793786 -p compress_node_modules=tar-gz | tee /tmp/oryx-build.log ; exit $PIPESTATUS &quot;" stackTrace="   at Kudu.Core.Infrastructure.Executable.ExecuteInternal(ITracer tracer, Func`2 onWriteOutput, Func`2 onWriteError, CancellationToken token, Encoding encoding, String arguments, Object[] args) in /tmp/KuduLite/Kudu.Core/Infrastructure/Executable.cs:line 239
   at Kudu.Core.Infrastructure.Executable.ExecuteWithProgressWriter(ILogger logger, ITracer tracer, CancellationToken token, String arguments, Object[] args) in /tmp/KuduLite/Kudu.Core/Infrastructure/Executable.cs:line 118
   at Kudu.Core.Deployment.Generator.ExternalCommandBuilder.RunCommand(DeploymentContext context, String command, Boolean ignoreManifest, CancellationToken token, String message) in /tmp/KuduLite/Kudu.Core/Deployment/Generator/ExternalCommandBuilder.cs:line 122" /><!-- duration: 2ms -->
              <step title="Error occurred" date="2025-11-21T07:05:45.165" type="error" text="npm notice
npm notice New major version of npm available! 10.8.2 -&gt; 11.6.3
npm notice Changelog: https://github.com/npm/cli/releases/tag/v11.6.3
npm notice To update run: npm install -g npm@11.6.3
npm notice

&gt; Build error occurred
Error: &gt; Couldn&apos;t find any `pages` or `app` directory. Please create one under the project root
    at findPagesDir (/tmp/8de28cbd5793786/node_modules/next/dist/lib/find-pages-dir.js:42:15)
    at /tmp/8de28cbd5793786/node_modules/next/dist/build/index.js:406:73
    at async Span.traceAsyncFn (/tmp/8de28cbd5793786/node_modules/next/dist/trace/trace.js:154:20)
    at async build (/tmp/8de28cbd5793786/node_modules/next/dist/build/index.js:368:9)
/bin/bash -c &quot;oryx build /tmp/zipdeploy/extracted -o /home/site/wwwroot --platform nodejs --platform-version 20 -p virtualenv_name= --log-file /tmp/build-debug.log  -i /tmp/8de28cbd5793786 -p compress_node_modules=tar-gz | tee /tmp/oryx-build.log ; exit $PIPESTATUS &quot;" stackTrace="   at Kudu.Core.Infrastructure.Executable.ExecuteInternal(ITracer tracer, Func`2 onWriteOutput, Func`2 onWriteError, CancellationToken token, Encoding encoding, String arguments, Object[] args) in /tmp/KuduLite/Kudu.Core/Infrastructure/Executable.cs:line 239
   at Kudu.Core.Infrastructure.Executable.ExecuteWithProgressWriter(ILogger logger, ITracer tracer, CancellationToken token, String arguments, Object[] args) in /tmp/KuduLite/Kudu.Core/Infrastructure/Executable.cs:line 118
   at Kudu.Core.Deployment.Generator.ExternalCommandBuilder.RunCommand(DeploymentContext context, String command, Boolean ignoreManifest, CancellationToken token, String message) in /tmp/KuduLite/Kudu.Core/Deployment/Generator/ExternalCommandBuilder.cs:line 122
   at Kudu.Core.Deployment.Generator.OryxBuilder.RunBuildCommand(IOryxArguments args, DeploymentContext context, CancellationToken token) in /tmp/KuduLite/Kudu.Core/Deployment/Generator/OryxBuilder.cs:line 295
   at Kudu.Core.Deployment.Generator.OryxBuilder.Build(DeploymentContext context, CancellationToken token) in /tmp/KuduLite/Kudu.Core/Deployment/Generator/OryxBuilder.cs:line 136
   at Kudu.Core.Deployment.DeploymentManager.Build(ChangeSet changeSet, ITracer tracer, IDisposable deployStep, IRepository repository, DeploymentInfoBase deploymentInfo, DeploymentAnalytics deploymentAnalytics, Boolean fullBuildByDefault, CancellationToken cancellationToken) in /tmp/KuduLite/Kudu.Core/Deployment/DeploymentManager.cs:line 771" /><!-- duration: 2ms -->
              <step title="Using GenericDeploymentLogParser" date="2025-11-21T07:05:45.450" /><!-- duration: 3ms -->
            </step><!-- duration: 240465ms -->
          </step><!-- duration: 240659ms -->
          <step title="Error occurred" date="2025-11-21T07:05:46.660" type="error" text="npm notice
npm notice New major version of npm available! 10.8.2 -&gt; 11.6.3
npm notice Changelog: https://github.com/npm/cli/releases/tag/v11.6.3
npm notice To update run: npm install -g npm@11.6.3
npm notice

&gt; Build error occurred
Error: &gt; Couldn&apos;t find any `pages` or `app` directory. Please create one under the project root
    at findPagesDir (/tmp/8de28cbd5793786/node_modules/next/dist/lib/find-pages-dir.js:42:15)
    at /tmp/8de28cbd5793786/node_modules/next/dist/build/index.js:406:73
    at async Span.traceAsyncFn (/tmp/8de28cbd5793786/node_modules/next/dist/trace/trace.js:154:20)
    at async build (/tmp/8de28cbd5793786/node_modules/next/dist/build/index.js:368:9)
/bin/bash -c &quot;oryx build /tmp/zipdeploy/extracted -o /home/site/wwwroot --platform nodejs --platform-version 20 -p virtualenv_name= --log-file /tmp/build-debug.log  -i /tmp/8de28cbd5793786 -p compress_node_modules=tar-gz | tee /tmp/oryx-build.log ; exit $PIPESTATUS &quot;" stackTrace="   at Kudu.Core.Infrastructure.Executable.ExecuteInternal(ITracer tracer, Func`2 onWriteOutput, Func`2 onWriteError, CancellationToken token, Encoding encoding, String arguments, Object[] args) in /tmp/KuduLite/Kudu.Core/Infrastructure/Executable.cs:line 239
   at Kudu.Core.Infrastructure.Executable.ExecuteWithProgressWriter(ILogger logger, ITracer tracer, CancellationToken token, String arguments, Object[] args) in /tmp/KuduLite/Kudu.Core/Infrastructure/Executable.cs:line 118
   at Kudu.Core.Deployment.Generator.ExternalCommandBuilder.RunCommand(DeploymentContext context, String command, Boolean ignoreManifest, CancellationToken token, String message) in /tmp/KuduLite/Kudu.Core/Deployment/Generator/ExternalCommandBuilder.cs:line 122
   at Kudu.Core.Deployment.Generator.OryxBuilder.RunBuildCommand(IOryxArguments args, DeploymentContext context, CancellationToken token) in /tmp/KuduLite/Kudu.Core/Deployment/Generator/OryxBuilder.cs:line 295
   at Kudu.Core.Deployment.Generator.OryxBuilder.Build(DeploymentContext context, CancellationToken token) in /tmp/KuduLite/Kudu.Core/Deployment/Generator/OryxBuilder.cs:line 136
   at Kudu.Core.Deployment.DeploymentManager.Build(ChangeSet changeSet, ITracer tracer, IDisposable deployStep, IRepository repository, DeploymentInfoBase deploymentInfo, DeploymentAnalytics deploymentAnalytics, Boolean fullBuildByDefault, CancellationToken cancellationToken) in /tmp/KuduLite/Kudu.Core/Deployment/DeploymentManager.cs:line 771
   at Kudu.Core.Deployment.DeploymentManager.Build(ChangeSet changeSet, ITracer tracer, IDisposable deployStep, IRepository repository, DeploymentInfoBase deploymentInfo, DeploymentAnalytics deploymentAnalytics, Boolean fullBuildByDefault, CancellationToken cancellationToken) in /tmp/KuduLite/Kudu.Core/Deployment/DeploymentManager.cs:line 840" /><!-- duration: 2ms -->
          <step title="Cleaning up temp files" date="2025-11-21T07:05:46.709" /><!-- duration: 2721ms -->
          <step title="Cleaning up temp files" date="2025-11-21T07:05:49.459" /><!-- duration: 561ms -->
          <step title="Error occurred" date="2025-11-21T07:05:50.049" type="error" text="npm notice
npm notice New major version of npm available! 10.8.2 -&gt; 11.6.3
npm notice Changelog: https://github.com/npm/cli/releases/tag/v11.6.3
npm notice To update run: npm install -g npm@11.6.3
npm notice

&gt; Build error occurred
Error: &gt; Couldn&apos;t find any `pages` or `app` directory. Please create one under the project root
    at findPagesDir (/tmp/8de28cbd5793786/node_modules/next/dist/lib/find-pages-dir.js:42:15)
    at /tmp/8de28cbd5793786/node_modules/next/dist/build/index.js:406:73
    at async Span.traceAsyncFn (/tmp/8de28cbd5793786/node_modules/next/dist/trace/trace.js:154:20)
    at async build (/tmp/8de28cbd5793786/node_modules/next/dist/build/index.js:368:9)
/bin/bash -c &quot;oryx build /tmp/zipdeploy/extracted -o /home/site/wwwroot --platform nodejs --platform-version 20 -p virtualenv_name= --log-file /tmp/build-debug.log  -i /tmp/8de28cbd5793786 -p compress_node_modules=tar-gz | tee /tmp/oryx-build.log ; exit $PIPESTATUS &quot;" stackTrace="   at Kudu.Core.Infrastructure.Executable.ExecuteInternal(ITracer tracer, Func`2 onWriteOutput, Func`2 onWriteError, CancellationToken token, Encoding encoding, String arguments, Object[] args) in /tmp/KuduLite/Kudu.Core/Infrastructure/Executable.cs:line 239
   at Kudu.Core.Infrastructure.Executable.ExecuteWithProgressWriter(ILogger logger, ITracer tracer, CancellationToken token, String arguments, Object[] args) in /tmp/KuduLite/Kudu.Core/Infrastructure/Executable.cs:line 118
   at Kudu.Core.Deployment.Generator.ExternalCommandBuilder.RunCommand(DeploymentContext context, String command, Boolean ignoreManifest, CancellationToken token, String message) in /tmp/KuduLite/Kudu.Core/Deployment/Generator/ExternalCommandBuilder.cs:line 122
   at Kudu.Core.Deployment.Generator.OryxBuilder.RunBuildCommand(IOryxArguments args, DeploymentContext context, CancellationToken token) in /tmp/KuduLite/Kudu.Core/Deployment/Generator/OryxBuilder.cs:line 295
   at Kudu.Core.Deployment.Generator.OryxBuilder.Build(DeploymentContext context, CancellationToken token) in /tmp/KuduLite/Kudu.Core/Deployment/Generator/OryxBuilder.cs:line 136
   at Kudu.Core.Deployment.DeploymentManager.Build(ChangeSet changeSet, ITracer tracer, IDisposable deployStep, IRepository repository, DeploymentInfoBase deploymentInfo, DeploymentAnalytics deploymentAnalytics, Boolean fullBuildByDefault, CancellationToken cancellationToken) in /tmp/KuduLite/Kudu.Core/Deployment/DeploymentManager.cs:line 771
   at Kudu.Core.Deployment.DeploymentManager.Build(ChangeSet changeSet, ITracer tracer, IDisposable deployStep, IRepository repository, DeploymentInfoBase deploymentInfo, DeploymentAnalytics deploymentAnalytics, Boolean fullBuildByDefault, CancellationToken cancellationToken) in /tmp/KuduLite/Kudu.Core/Deployment/DeploymentManager.cs:line 840
   at Kudu.Core.Deployment.DeploymentManager.DeployAsync(IRepository repository, ChangeSet changeSet, String deployer, Boolean clean, DeploymentInfoBase deploymentInfo, Boolean needFileUpdate, Boolean fullBuildByDefault) in /tmp/KuduLite/Kudu.Core/Deployment/DeploymentManager.cs:line 266" /><!-- duration: 2ms -->
        </step><!-- duration: 244205ms -->
        <step title="Reloading status file with latest updates" date="2025-11-21T07:05:50.104" >
          <step title="WebHooksManager.PublishEventAsync: PostDeployment" date="2025-11-21T07:05:50.107" /><!-- duration: 97ms -->
        </step><!-- duration: 102ms -->
        <step title="Error occurred" date="2025-11-21T07:05:50.207" type="error" text="npm notice
npm notice New major version of npm available! 10.8.2 -&gt; 11.6.3
npm notice Changelog: https://github.com/npm/cli/releases/tag/v11.6.3
npm notice To update run: npm install -g npm@11.6.3
npm notice

&gt; Build error occurred
Error: &gt; Couldn&apos;t find any `pages` or `app` directory. Please create one under the project root
    at findPagesDir (/tmp/8de28cbd5793786/node_modules/next/dist/lib/find-pages-dir.js:42:15)
    at /tmp/8de28cbd5793786/node_modules/next/dist/build/index.js:406:73
    at async Span.traceAsyncFn (/tmp/8de28cbd5793786/node_modules/next/dist/trace/trace.js:154:20)
    at async build (/tmp/8de28cbd5793786/node_modules/next/dist/build/index.js:368:9)
/bin/bash -c &quot;oryx build /tmp/zipdeploy/extracted -o /home/site/wwwroot --platform nodejs --platform-version 20 -p virtualenv_name= --log-file /tmp/build-debug.log  -i /tmp/8de28cbd5793786 -p compress_node_modules=tar-gz | tee /tmp/oryx-build.log ; exit $PIPESTATUS &quot;" stackTrace="   at Kudu.Core.Infrastructure.Executable.ExecuteInternal(ITracer tracer, Func`2 onWriteOutput, Func`2 onWriteError, CancellationToken token, Encoding encoding, String arguments, Object[] args) in /tmp/KuduLite/Kudu.Core/Infrastructure/Executable.cs:line 239
   at Kudu.Core.Infrastructure.Executable.ExecuteWithProgressWriter(ILogger logger, ITracer tracer, CancellationToken token, String arguments, Object[] args) in /tmp/KuduLite/Kudu.Core/Infrastructure/Executable.cs:line 118
   at Kudu.Core.Deployment.Generator.ExternalCommandBuilder.RunCommand(DeploymentContext context, String command, Boolean ignoreManifest, CancellationToken token, String message) in /tmp/KuduLite/Kudu.Core/Deployment/Generator/ExternalCommandBuilder.cs:line 122
   at Kudu.Core.Deployment.Generator.OryxBuilder.RunBuildCommand(IOryxArguments args, DeploymentContext context, CancellationToken token) in /tmp/KuduLite/Kudu.Core/Deployment/Generator/OryxBuilder.cs:line 295
   at Kudu.Core.Deployment.Generator.OryxBuilder.Build(DeploymentContext context, CancellationToken token) in /tmp/KuduLite/Kudu.Core/Deployment/Generator/OryxBuilder.cs:line 136
   at Kudu.Core.Deployment.DeploymentManager.Build(ChangeSet changeSet, ITracer tracer, IDisposable deployStep, IRepository repository, DeploymentInfoBase deploymentInfo, DeploymentAnalytics deploymentAnalytics, Boolean fullBuildByDefault, CancellationToken cancellationToken) in /tmp/KuduLite/Kudu.Core/Deployment/DeploymentManager.cs:line 771
   at Kudu.Core.Deployment.DeploymentManager.Build(ChangeSet changeSet, ITracer tracer, IDisposable deployStep, IRepository repository, DeploymentInfoBase deploymentInfo, DeploymentAnalytics deploymentAnalytics, Boolean fullBuildByDefault, CancellationToken cancellationToken) in /tmp/KuduLite/Kudu.Core/Deployment/DeploymentManager.cs:line 840
   at Kudu.Core.Deployment.DeploymentManager.DeployAsync(IRepository repository, ChangeSet changeSet, String deployer, Boolean clean, DeploymentInfoBase deploymentInfo, Boolean needFileUpdate, Boolean fullBuildByDefault) in /tmp/KuduLite/Kudu.Core/Deployment/DeploymentManager.cs:line 266" /><!-- duration: 2ms -->
        <step title="Marking deployment as failed and cleaning up the temp deployment" date="2025-11-21T07:05:50.253" /><!-- duration: 2ms -->
      </step><!-- duration: 246236ms -->
      <step title="Error occurred" date="2025-11-21T07:05:50.403" type="error" text="One or more errors occurred. (Deployment failed)" stackTrace="   at System.Threading.Tasks.Task.ThrowIfExceptional(Boolean includeTaskCanceledExceptions)
   at System.Threading.Tasks.Task.Wait(Int32 millisecondsTimeout, CancellationToken cancellationToken)
   at System.Threading.Tasks.Task.Wait()
   at Kudu.Core.Deployment.FetchDeploymentManager.&lt;&gt;c__DisplayClass22_1.&lt;PerformBackgroundDeployment&gt;b__3() in /tmp/KuduLite/Kudu.Core/Deployment/FetchDeploymentManager.cs:line 414
   at Kudu.Contracts.Infrastructure.LockExtensions.TryLockOperation(IOperationLock lockObj, Action operation, String operationName, TimeSpan timeout) in /tmp/KuduLite/Kudu.Contracts/Infrastructure/LockExtensions.cs:line 34
   at Kudu.Contracts.Infrastructure.LockExtensions.LockOperation(IOperationLock lockObj, Action operation, String operationName, TimeSpan timeout) in /tmp/KuduLite/Kudu.Contracts/Infrastructure/LockExtensions.cs:line 46
   at Kudu.Core.Deployment.FetchDeploymentManager.&lt;&gt;c__DisplayClass22_0.&lt;PerformBackgroundDeployment&gt;b__1() in /tmp/KuduLite/Kudu.Core/Deployment/FetchDeploymentManager.cs:line 393" innerText="Deployment failed" innerStackTrace="   at Kudu.Core.Deployment.DeploymentManager.DeployAsync(IRepository repository, ChangeSet changeSet, String deployer, Boolean clean, DeploymentInfoBase deploymentInfo, Boolean needFileUpdate, Boolean fullBuildByDefault) in /tmp/KuduLite/Kudu.Core/Deployment/DeploymentManager.cs:line 307
   at Kudu.Core.Deployment.FetchDeploymentManager.PerformDeployment(DeploymentInfoBase deploymentInfo, IDisposable tempDeployment, ChangeSet tempChangeSet, DeployStatusApiResult updateStatusObj) in /tmp/KuduLite/Kudu.Core/Deployment/FetchDeploymentManager.cs:line 230" /><!-- duration: 2ms -->
    </step><!-- duration: 246268ms -->
