<step title="BackgroundTrace" date="2025-11-21T08:51:05.997" instance="dc7a13" url="/api/publish" method="POST" >
  <step title="Cleanup Xml Logs" date="2025-11-21T08:51:06.003" /><!-- duration: 10ms -->
  <step title="Creating temporary deployment - FetchDeploymentManager" date="2025-11-21T08:51:06.106" /><!-- duration: 2ms -->
  <step title="Creating temporary deployment" date="2025-11-21T08:51:06.111" /><!-- duration: 63ms -->
  <step title="Performing fetch based deployment" date="2025-11-21T08:51:06.219" >
    <step title="Cleaning up temp folders from previous zip deployments and extracting pushed zip file /tmp/zipdeploy/1af63421-3958-4f3c-9465-813a7c7b7b2c.zip (5.85 MB) to /tmp/zipdeploy/extracted" date="2025-11-21T08:51:07.451" >
      <step title="ChmodRecursive Process exited with total time taken in ms: 102" date="2025-11-21T08:51:09.564" /><!-- duration: 10ms -->
    </step><!-- duration: 2134ms -->
    <step title="Deployment timer started" date="2025-11-21T08:51:11.632" >
      <step title="DeploymentManager.Deploy(id:7e998a2e-1c64-44a8-a7a9-f40cc28e59f5)" date="2025-11-21T08:51:11.643" >
        <step title="Collecting changeset information" date="2025-11-21T08:51:11.654" /><!-- duration: 149ms -->
        <step title="Updating submodules" date="2025-11-21T08:51:11.816" /><!-- duration: 1124ms -->
        <step title="Determining deployment builder" date="2025-11-21T08:51:13.167" >
          <step title="Builder is OneDeployBuilder" date="2025-11-21T08:51:13.195" /><!-- duration: 12ms -->
        </step><!-- duration: 50ms -->
        <step title="PreDeployment: context.CleanOutputPath False" date="2025-11-21T08:51:13.306" >
          <step title="PreDeployment: context.OutputPath /home/site/wwwroot" date="2025-11-21T08:51:13.460" >
            <step title="Building" date="2025-11-21T08:51:13.618" >
              <step title="Executing external process" date="2025-11-21T08:51:14.340" type="process" path="starter.sh" arguments="/opt/Kudu/Scripts/absoluteTar.sh /tmp/zipdeploy/extracted/node_modules /tmp/zipdeploy/extracted/node_modules.tar.gz" /><!-- duration: 3758ms -->
              <step title="Executing external process" date="2025-11-21T08:51:18.404" type="process" path="starter.sh" arguments="/opt/Kudu/Scripts/parallel_rsync.sh /tmp/zipdeploy/extracted /home/site/wwwroot 8 /tmp/ False False node_modules " /><!-- duration: 4386ms -->
              <step title="Modified file to trigger a restart of the app container." date="2025-11-21T08:51:24.340" /><!-- duration: 2ms -->
              <step title="Skip function trigger and logicapp sync because function is not enabled." date="2025-11-21T08:51:24.348" /><!-- duration: 11ms -->
            </step><!-- duration: 11451ms -->
          </step><!-- duration: 11612ms -->
          <step title="Cleaning up temp files" date="2025-11-21T08:51:25.075" /><!-- duration: 17ms -->
          <step title="Cleaning up temp files" date="2025-11-21T08:51:25.103" /><!-- duration: 510ms -->
          <step title="Reloading status file with latest updates" date="2025-11-21T08:51:25.666" >
            <step title="WebHooksManager.PublishEventAsync: PostDeployment" date="2025-11-21T08:51:25.678" /><!-- duration: 100ms -->
          </step><!-- duration: 114ms -->
          <step title="Cleaning up temporary deployment - fetch deployment was successful" date="2025-11-21T08:51:25.787" /><!-- duration: 2ms -->
        </step><!-- duration: 12559ms -->
      </step><!-- duration: 14231ms -->
