<step title="Incoming Request" date="2025-11-21T07:11:24.407" instance="dc7a13" url="/api/publish?type=zip&amp;async=False" method="POST" type="request" pid="833,1,5" Accept="*/*" Host="huronportal-app.scm.azurewebsites.net" User-Agent="AZURECLI/2.79.0 (DEB)" Accept-Encoding="gzip, deflate" Authorization="Bea..." Cache-Control="no-cache" Content-Type="application/octet-stream" Cookie="ARRAffinity=dc7a138dfcb63bce17254cc4321cf14c9178fc6ae4c339b927686049d314ddf6; ARRAffinitySameSite=dc7a138dfcb63bce17254cc4321cf14c9178fc6ae4c339b927686049d314ddf6" Content-Length="180567565" x-ms-client-request-id="45569efe-c6a9-11f0-a059-0022489022e3" x-ms-artifact-checksum="95da15ee0af93adf8a5cd972e804f8e3bbd63b648f68abb11100876bd42b8d15" X-ARR-LOG-ID="45569efe-c6a9-11f0-a059-0022489022e3" CLIENT-IP="64.236.144.104:15361" X-SITE-DEPLOYMENT-ID="huronportal-app" WAS-DEFAULT-HOSTNAME="huronportal-app.scm.azurewebsites.net" X-Forwarded-Proto="https" X-AppService-Proto="https" X-Forwarded-TlsVersion="1.3" X-WAWS-Unencoded-URL="/api/publish?type=zip&amp;async=False" X-Client-IP="64.236.144.104" X-Client-Port="15361" >
  <step title="OneDeploy" date="2025-11-21T07:11:24.424" >
    <step title="Starting PushDeployAsync" date="2025-11-21T07:11:24.439" /><!-- duration: 2ms -->
    <step title="Writing artifact to /tmp/zipdeploy/311ef408-6d7d-496f-9a8e-e43e6be490e1.zip" date="2025-11-21T07:11:24.453" >
      <step title="Writing multipart request body to /tmp/zipdeploy/311ef408-6d7d-496f-9a8e-e43e6be490e1.zip" date="2025-11-21T07:11:24.456" /><!-- duration: 2ms -->
    </step><!-- duration: 9178ms -->
    <step title="Attempting to fetch target branch HEAD" date="2025-11-21T07:11:33.647" /><!-- duration: 1ms -->
    <step title="Acquiring Deployment Lock" date="2025-11-21T07:11:33.658" /><!-- duration: 2ms -->
    <step title="Acquired Deployment Lock" date="2025-11-21T07:11:33.680" /><!-- duration: 2ms -->
    <step title="Performing fetch based deployment" date="2025-11-21T07:11:33.685" >
      <step title="Creating temporary deployment" date="2025-11-21T07:11:33.690" /><!-- duration: 66ms -->
      <step title="Releasing Deployment Lock" date="2025-11-21T07:11:34.978" /><!-- duration: 12ms -->
      <step title="Cleaning up temp folders from previous zip deployments and extracting pushed zip file /tmp/zipdeploy/311ef408-6d7d-496f-9a8e-e43e6be490e1.zip (172.20 MB) to /tmp/zipdeploy/extracted" date="2025-11-21T07:11:35.049" >
        <step title="ChmodRecursive Process exited with total time taken in ms: 404" date="2025-11-21T07:12:17.202" /><!-- duration: 20ms -->
      </step><!-- duration: 42220ms -->
      <step title="None repository commit" date="2025-11-21T07:12:17.301" >
        <step title="Commit id: 904ee3c9-f3a4-4513-8873-2910e22aa769" date="2025-11-21T07:12:17.320" Message="OneDeploy" AuthorName="N/A" AuthorEmail="N/A" /><!-- duration: 2ms -->
      </step><!-- duration: 30ms -->
      <step title="Deployment timer started" date="2025-11-21T07:12:19.368" >
        <step title="DeploymentManager.Deploy(id:904ee3c9-f3a4-4513-8873-2910e22aa769)" date="2025-11-21T07:12:19.379" >
          <step title="Collecting changeset information" date="2025-11-21T07:12:19.468" /><!-- duration: 391ms -->
          <step title="Updating submodules" date="2025-11-21T07:12:19.881" /><!-- duration: 1287ms -->
          <step title="Determining deployment builder" date="2025-11-21T07:12:21.519" >
            <step title="Builder is OryxBuilder" date="2025-11-21T07:12:21.581" /><!-- duration: 29ms -->
          </step><!-- duration: 152ms -->
          <step title="PreDeployment: context.CleanOutputPath False" date="2025-11-21T07:12:21.772" >
            <step title="PreDeployment: context.OutputPath /home/site/wwwroot" date="2025-11-21T07:12:21.993" >
              <step title="Building" date="2025-11-21T07:12:22.383" >
                <step title="Executing external process" date="2025-11-21T07:12:23.612" type="process" path="bash" arguments="-c &quot;oryx build /tmp/zipdeploy/extracted -o /home/site/wwwroot --platform nodejs --platform-version 20 -p virtualenv_name= --log-file /tmp/build-debug.log  -i /tmp/8de28cd507bf1c1 -p compress_node_modules=tar-gz | tee /tmp/oryx-build.log ; exit $PIPESTATUS &quot;" >
                  <step title="Cpu: npm install(1410,32.920s)+build.sh(1256,0.090s)+oryx(1226,13.050s)+tee(1227,0.010s)+bash(1225,0.000s)=total(46.070s)" date="2025-11-21T07:14:27.850" /><!-- duration: 3ms -->
                  <step title="bash: no io activity for 60s, prev-cpu=-1.000s, current-cpu=46.070s" date="2025-11-21T07:14:27.892" /><!-- duration: 9ms -->
                  <step title="Cpu: npm install(1410,67.130s)+build.sh(1256,0.090s)+oryx(1226,13.120s)+tee(1227,0.010s)+bash(1225,0.000s)=total(80.330s)" date="2025-11-21T07:15:28.661" /><!-- duration: 89ms -->
                  <step title="bash: no io activity for 121s, prev-cpu=46.070s, current-cpu=80.330s" date="2025-11-21T07:15:28.771" /><!-- duration: 10ms -->
                  <step title="Process dump" date="2025-11-21T07:15:59.998" exitCode="1" type="processOutput" /><!-- duration: 2ms -->
                </step><!-- duration: 216399ms -->
                <step title="Error occurred" date="2025-11-21T07:16:00.051" type="error" text="&gt; Build error occurred
Error: &gt; Couldn&apos;t find any `pages` or `app` directory. Please create one under the project root
    at findPagesDir (/tmp/8de28cd507bf1c1/node_modules/next/dist/lib/find-pages-dir.js:42:15)
    at /tmp/8de28cd507bf1c1/node_modules/next/dist/build/index.js:406:73
    at async Span.traceAsyncFn (/tmp/8de28cd507bf1c1/node_modules/next/dist/trace/trace.js:154:20)
    at async build (/tmp/8de28cd507bf1c1/node_modules/next/dist/build/index.js:368:9)
/bin/bash -c &quot;oryx build /tmp/zipdeploy/extracted -o /home/site/wwwroot --platform nodejs --platform-version 20 -p virtualenv_name= --log-file /tmp/build-debug.log  -i /tmp/8de28cd507bf1c1 -p compress_node_modules=tar-gz | tee /tmp/oryx-build.log ; exit $PIPESTATUS &quot;" stackTrace="   at Kudu.Core.Infrastructure.Executable.ExecuteInternal(ITracer tracer, Func`2 onWriteOutput, Func`2 onWriteError, CancellationToken token, Encoding encoding, String arguments, Object[] args) in /tmp/KuduLite/Kudu.Core/Infrastructure/Executable.cs:line 239
   at Kudu.Core.Infrastructure.Executable.ExecuteWithProgressWriter(ILogger logger, ITracer tracer, CancellationToken token, String arguments, Object[] args) in /tmp/KuduLite/Kudu.Core/Infrastructure/Executable.cs:line 118
   at Kudu.Core.Deployment.Generator.ExternalCommandBuilder.RunCommand(DeploymentContext context, String command, Boolean ignoreManifest, CancellationToken token, String message) in /tmp/KuduLite/Kudu.Core/Deployment/Generator/ExternalCommandBuilder.cs:line 122" /><!-- duration: 2ms -->
                <step title="Error occurred" date="2025-11-21T07:16:00.079" type="error" text="&gt; Build error occurred
Error: &gt; Couldn&apos;t find any `pages` or `app` directory. Please create one under the project root
    at findPagesDir (/tmp/8de28cd507bf1c1/node_modules/next/dist/lib/find-pages-dir.js:42:15)
    at /tmp/8de28cd507bf1c1/node_modules/next/dist/build/index.js:406:73
    at async Span.traceAsyncFn (/tmp/8de28cd507bf1c1/node_modules/next/dist/trace/trace.js:154:20)
    at async build (/tmp/8de28cd507bf1c1/node_modules/next/dist/build/index.js:368:9)
/bin/bash -c &quot;oryx build /tmp/zipdeploy/extracted -o /home/site/wwwroot --platform nodejs --platform-version 20 -p virtualenv_name= --log-file /tmp/build-debug.log  -i /tmp/8de28cd507bf1c1 -p compress_node_modules=tar-gz | tee /tmp/oryx-build.log ; exit $PIPESTATUS &quot;" stackTrace="   at Kudu.Core.Infrastructure.Executable.ExecuteInternal(ITracer tracer, Func`2 onWriteOutput, Func`2 onWriteError, CancellationToken token, Encoding encoding, String arguments, Object[] args) in /tmp/KuduLite/Kudu.Core/Infrastructure/Executable.cs:line 239
   at Kudu.Core.Infrastructure.Executable.ExecuteWithProgressWriter(ILogger logger, ITracer tracer, CancellationToken token, String arguments, Object[] args) in /tmp/KuduLite/Kudu.Core/Infrastructure/Executable.cs:line 118
   at Kudu.Core.Deployment.Generator.ExternalCommandBuilder.RunCommand(DeploymentContext context, String command, Boolean ignoreManifest, CancellationToken token, String message) in /tmp/KuduLite/Kudu.Core/Deployment/Generator/ExternalCommandBuilder.cs:line 122
   at Kudu.Core.Deployment.Generator.OryxBuilder.RunBuildCommand(IOryxArguments args, DeploymentContext context, CancellationToken token) in /tmp/KuduLite/Kudu.Core/Deployment/Generator/OryxBuilder.cs:line 295
   at Kudu.Core.Deployment.Generator.OryxBuilder.Build(DeploymentContext context, CancellationToken token) in /tmp/KuduLite/Kudu.Core/Deployment/Generator/OryxBuilder.cs:line 136
   at Kudu.Core.Deployment.DeploymentManager.Build(ChangeSet changeSet, ITracer tracer, IDisposable deployStep, IRepository repository, DeploymentInfoBase deploymentInfo, DeploymentAnalytics deploymentAnalytics, Boolean fullBuildByDefault, CancellationToken cancellationToken) in /tmp/KuduLite/Kudu.Core/Deployment/DeploymentManager.cs:line 771" /><!-- duration: 2ms -->
                <step title="Using GenericDeploymentLogParser" date="2025-11-21T07:16:00.304" /><!-- duration: 2ms -->
                <step title="Purge deployment items" date="2025-11-21T07:16:01.563" >
                  <step title="Remove 82a6dfd1-, Failed, received at 11/21/2025 07:01:44" date="2025-11-21T07:16:01.624" /><!-- duration: 4ms -->
                </step><!-- duration: 67ms -->
              </step><!-- duration: 219248ms -->
            </step><!-- duration: 219647ms -->
            <step title="Error occurred" date="2025-11-21T07:16:01.642" type="error" text="&gt; Build error occurred
Error: &gt; Couldn&apos;t find any `pages` or `app` directory. Please create one under the project root
    at findPagesDir (/tmp/8de28cd507bf1c1/node_modules/next/dist/lib/find-pages-dir.js:42:15)
    at /tmp/8de28cd507bf1c1/node_modules/next/dist/build/index.js:406:73
    at async Span.traceAsyncFn (/tmp/8de28cd507bf1c1/node_modules/next/dist/trace/trace.js:154:20)
    at async build (/tmp/8de28cd507bf1c1/node_modules/next/dist/build/index.js:368:9)
/bin/bash -c &quot;oryx build /tmp/zipdeploy/extracted -o /home/site/wwwroot --platform nodejs --platform-version 20 -p virtualenv_name= --log-file /tmp/build-debug.log  -i /tmp/8de28cd507bf1c1 -p compress_node_modules=tar-gz | tee /tmp/oryx-build.log ; exit $PIPESTATUS &quot;" stackTrace="   at Kudu.Core.Infrastructure.Executable.ExecuteInternal(ITracer tracer, Func`2 onWriteOutput, Func`2 onWriteError, CancellationToken token, Encoding encoding, String arguments, Object[] args) in /tmp/KuduLite/Kudu.Core/Infrastructure/Executable.cs:line 239
   at Kudu.Core.Infrastructure.Executable.ExecuteWithProgressWriter(ILogger logger, ITracer tracer, CancellationToken token, String arguments, Object[] args) in /tmp/KuduLite/Kudu.Core/Infrastructure/Executable.cs:line 118
   at Kudu.Core.Deployment.Generator.ExternalCommandBuilder.RunCommand(DeploymentContext context, String command, Boolean ignoreManifest, CancellationToken token, String message) in /tmp/KuduLite/Kudu.Core/Deployment/Generator/ExternalCommandBuilder.cs:line 122
   at Kudu.Core.Deployment.Generator.OryxBuilder.RunBuildCommand(IOryxArguments args, DeploymentContext context, CancellationToken token) in /tmp/KuduLite/Kudu.Core/Deployment/Generator/OryxBuilder.cs:line 295
   at Kudu.Core.Deployment.Generator.OryxBuilder.Build(DeploymentContext context, CancellationToken token) in /tmp/KuduLite/Kudu.Core/Deployment/Generator/OryxBuilder.cs:line 136
   at Kudu.Core.Deployment.DeploymentManager.Build(ChangeSet changeSet, ITracer tracer, IDisposable deployStep, IRepository repository, DeploymentInfoBase deploymentInfo, DeploymentAnalytics deploymentAnalytics, Boolean fullBuildByDefault, CancellationToken cancellationToken) in /tmp/KuduLite/Kudu.Core/Deployment/DeploymentManager.cs:line 771
   at Kudu.Core.Deployment.DeploymentManager.Build(ChangeSet changeSet, ITracer tracer, IDisposable deployStep, IRepository repository, DeploymentInfoBase deploymentInfo, DeploymentAnalytics deploymentAnalytics, Boolean fullBuildByDefault, CancellationToken cancellationToken) in /tmp/KuduLite/Kudu.Core/Deployment/DeploymentManager.cs:line 840" /><!-- duration: 2ms -->
            <step title="Cleaning up temp files" date="2025-11-21T07:16:01.731" /><!-- duration: 5980ms -->
            <step title="Cleaning up temp files" date="2025-11-21T07:16:07.714" /><!-- duration: 509ms -->
            <step title="Error occurred" date="2025-11-21T07:16:08.245" type="error" text="&gt; Build error occurred
Error: &gt; Couldn&apos;t find any `pages` or `app` directory. Please create one under the project root
    at findPagesDir (/tmp/8de28cd507bf1c1/node_modules/next/dist/lib/find-pages-dir.js:42:15)
    at /tmp/8de28cd507bf1c1/node_modules/next/dist/build/index.js:406:73
    at async Span.traceAsyncFn (/tmp/8de28cd507bf1c1/node_modules/next/dist/trace/trace.js:154:20)
    at async build (/tmp/8de28cd507bf1c1/node_modules/next/dist/build/index.js:368:9)
/bin/bash -c &quot;oryx build /tmp/zipdeploy/extracted -o /home/site/wwwroot --platform nodejs --platform-version 20 -p virtualenv_name= --log-file /tmp/build-debug.log  -i /tmp/8de28cd507bf1c1 -p compress_node_modules=tar-gz | tee /tmp/oryx-build.log ; exit $PIPESTATUS &quot;" stackTrace="   at Kudu.Core.Infrastructure.Executable.ExecuteInternal(ITracer tracer, Func`2 onWriteOutput, Func`2 onWriteError, CancellationToken token, Encoding encoding, String arguments, Object[] args) in /tmp/KuduLite/Kudu.Core/Infrastructure/Executable.cs:line 239
   at Kudu.Core.Infrastructure.Executable.ExecuteWithProgressWriter(ILogger logger, ITracer tracer, CancellationToken token, String arguments, Object[] args) in /tmp/KuduLite/Kudu.Core/Infrastructure/Executable.cs:line 118
   at Kudu.Core.Deployment.Generator.ExternalCommandBuilder.RunCommand(DeploymentContext context, String command, Boolean ignoreManifest, CancellationToken token, String message) in /tmp/KuduLite/Kudu.Core/Deployment/Generator/ExternalCommandBuilder.cs:line 122
   at Kudu.Core.Deployment.Generator.OryxBuilder.RunBuildCommand(IOryxArguments args, DeploymentContext context, CancellationToken token) in /tmp/KuduLite/Kudu.Core/Deployment/Generator/OryxBuilder.cs:line 295
   at Kudu.Core.Deployment.Generator.OryxBuilder.Build(DeploymentContext context, CancellationToken token) in /tmp/KuduLite/Kudu.Core/Deployment/Generator/OryxBuilder.cs:line 136
   at Kudu.Core.Deployment.DeploymentManager.Build(ChangeSet changeSet, ITracer tracer, IDisposable deployStep, IRepository repository, DeploymentInfoBase deploymentInfo, DeploymentAnalytics deploymentAnalytics, Boolean fullBuildByDefault, CancellationToken cancellationToken) in /tmp/KuduLite/Kudu.Core/Deployment/DeploymentManager.cs:line 771
   at Kudu.Core.Deployment.DeploymentManager.Build(ChangeSet changeSet, ITracer tracer, IDisposable deployStep, IRepository repository, DeploymentInfoBase deploymentInfo, DeploymentAnalytics deploymentAnalytics, Boolean fullBuildByDefault, CancellationToken cancellationToken) in /tmp/KuduLite/Kudu.Core/Deployment/DeploymentManager.cs:line 840
   at Kudu.Core.Deployment.DeploymentManager.DeployAsync(IRepository repository, ChangeSet changeSet, String deployer, Boolean clean, DeploymentInfoBase deploymentInfo, Boolean needFileUpdate, Boolean fullBuildByDefault) in /tmp/KuduLite/Kudu.Core/Deployment/DeploymentManager.cs:line 266" /><!-- duration: 1ms -->
          </step><!-- duration: 226481ms -->
          <step title="Reloading status file with latest updates" date="2025-11-21T07:16:08.309" >
            <step title="WebHooksManager.PublishEventAsync: PostDeployment" date="2025-11-21T07:16:08.313" /><!-- duration: 37ms -->
          </step><!-- duration: 43ms -->
          <step title="Error occurred" date="2025-11-21T07:16:08.354" type="error" text="&gt; Build error occurred
Error: &gt; Couldn&apos;t find any `pages` or `app` directory. Please create one under the project root
    at findPagesDir (/tmp/8de28cd507bf1c1/node_modules/next/dist/lib/find-pages-dir.js:42:15)
    at /tmp/8de28cd507bf1c1/node_modules/next/dist/build/index.js:406:73
    at async Span.traceAsyncFn (/tmp/8de28cd507bf1c1/node_modules/next/dist/trace/trace.js:154:20)
    at async build (/tmp/8de28cd507bf1c1/node_modules/next/dist/build/index.js:368:9)
/bin/bash -c &quot;oryx build /tmp/zipdeploy/extracted -o /home/site/wwwroot --platform nodejs --platform-version 20 -p virtualenv_name= --log-file /tmp/build-debug.log  -i /tmp/8de28cd507bf1c1 -p compress_node_modules=tar-gz | tee /tmp/oryx-build.log ; exit $PIPESTATUS &quot;" stackTrace="   at Kudu.Core.Infrastructure.Executable.ExecuteInternal(ITracer tracer, Func`2 onWriteOutput, Func`2 onWriteError, CancellationToken token, Encoding encoding, String arguments, Object[] args) in /tmp/KuduLite/Kudu.Core/Infrastructure/Executable.cs:line 239
   at Kudu.Core.Infrastructure.Executable.ExecuteWithProgressWriter(ILogger logger, ITracer tracer, CancellationToken token, String arguments, Object[] args) in /tmp/KuduLite/Kudu.Core/Infrastructure/Executable.cs:line 118
   at Kudu.Core.Deployment.Generator.ExternalCommandBuilder.RunCommand(DeploymentContext context, String command, Boolean ignoreManifest, CancellationToken token, String message) in /tmp/KuduLite/Kudu.Core/Deployment/Generator/ExternalCommandBuilder.cs:line 122
   at Kudu.Core.Deployment.Generator.OryxBuilder.RunBuildCommand(IOryxArguments args, DeploymentContext context, CancellationToken token) in /tmp/KuduLite/Kudu.Core/Deployment/Generator/OryxBuilder.cs:line 295
   at Kudu.Core.Deployment.Generator.OryxBuilder.Build(DeploymentContext context, CancellationToken token) in /tmp/KuduLite/Kudu.Core/Deployment/Generator/OryxBuilder.cs:line 136
   at Kudu.Core.Deployment.DeploymentManager.Build(ChangeSet changeSet, ITracer tracer, IDisposable deployStep, IRepository repository, DeploymentInfoBase deploymentInfo, DeploymentAnalytics deploymentAnalytics, Boolean fullBuildByDefault, CancellationToken cancellationToken) in /tmp/KuduLite/Kudu.Core/Deployment/DeploymentManager.cs:line 771
   at Kudu.Core.Deployment.DeploymentManager.Build(ChangeSet changeSet, ITracer tracer, IDisposable deployStep, IRepository repository, DeploymentInfoBase deploymentInfo, DeploymentAnalytics deploymentAnalytics, Boolean fullBuildByDefault, CancellationToken cancellationToken) in /tmp/KuduLite/Kudu.Core/Deployment/DeploymentManager.cs:line 840
   at Kudu.Core.Deployment.DeploymentManager.DeployAsync(IRepository repository, ChangeSet changeSet, String deployer, Boolean clean, DeploymentInfoBase deploymentInfo, Boolean needFileUpdate, Boolean fullBuildByDefault) in /tmp/KuduLite/Kudu.Core/Deployment/DeploymentManager.cs:line 266" /><!-- duration: 4ms -->
          <step title="Marking deployment as failed and cleaning up the temp deployment" date="2025-11-21T07:16:08.417" /><!-- duration: 1ms -->
        </step><!-- duration: 229154ms -->
      </step><!-- duration: 229172ms -->
      <step title="Error occurred" date="2025-11-21T07:16:08.570" type="error" text="Deployment failed" stackTrace="   at Kudu.Core.Deployment.DeploymentManager.DeployAsync(IRepository repository, ChangeSet changeSet, String deployer, Boolean clean, DeploymentInfoBase deploymentInfo, Boolean needFileUpdate, Boolean fullBuildByDefault) in /tmp/KuduLite/Kudu.Core/Deployment/DeploymentManager.cs:line 307
   at Kudu.Core.Deployment.FetchDeploymentManager.PerformDeployment(DeploymentInfoBase deploymentInfo, IDisposable tempDeployment, ChangeSet tempChangeSet, DeployStatusApiResult updateStatusObj) in /tmp/KuduLite/Kudu.Core/Deployment/FetchDeploymentManager.cs:line 230
   at Kudu.Core.Deployment.FetchDeploymentManager.&lt;&gt;c__DisplayClass17_0.&lt;&lt;FetchDeploy&gt;b__0&gt;d.MoveNext() in /tmp/KuduLite/Kudu.Core/Deployment/FetchDeploymentManager.cs:line 131
--- End of stack trace from previous location ---
   at Kudu.Core.Deployment.FetchDeploymentManager.FetchDeploy(DeploymentInfoBase deployInfo, Boolean asyncRequested, Uri requestUri, String targetBranch) in /tmp/KuduLite/Kudu.Core/Deployment/FetchDeploymentManager.cs:line 124
   at Kudu.Services.Deployment.PushDeploymentController.PushDeployAsync(ArtifactDeploymentInfo deploymentInfo, Boolean isAsync, HttpContext context, JObject requestJson) in /tmp/KuduLite/Kudu.Services/Deployment/PushDeploymentController.cs:line 802
   at Kudu.Services.Deployment.PushDeploymentController.OneDeploy(String type, Boolean async, String path, Nullable`1 restart, Nullable`1 clean, Boolean ignoreStack, Boolean trackDeploymentProgress, Boolean trackStatus, Boolean reset) in /tmp/KuduLite/Kudu.Services/Deployment/PushDeploymentController.cs:line 624
   at Microsoft.AspNetCore.Mvc.Infrastructure.ActionMethodExecutor.TaskOfIActionResultExecutor.Execute(ActionContext actionContext, IActionResultTypeMapper mapper, ObjectMethodExecutor executor, Object controller, Object[] arguments)
   at Microsoft.AspNetCore.Mvc.Infrastructure.ControllerActionInvoker.&lt;InvokeActionMethodAsync&gt;g__Awaited|12_0(ControllerActionInvoker invoker, ValueTask`1 actionResultValueTask)
   at Microsoft.AspNetCore.Mvc.Infrastructure.ControllerActionInvoker.&lt;InvokeNextActionFilterAsync&gt;g__Awaited|10_0(ControllerActionInvoker invoker, Task lastTask, State next, Scope scope, Object state, Boolean isCompleted)
   at Microsoft.AspNetCore.Mvc.Infrastructure.ControllerActionInvoker.Rethrow(ActionExecutedContextSealed context)
   at Microsoft.AspNetCore.Mvc.Infrastructure.ControllerActionInvoker.Next(State&amp; next, Scope&amp; scope, Object&amp; state, Boolean&amp; isCompleted)
   at Microsoft.AspNetCore.Mvc.Infrastructure.ControllerActionInvoker.&lt;InvokeInnerFilterAsync&gt;g__Awaited|13_0(ControllerActionInvoker invoker, Task lastTask, State next, Scope scope, Object state, Boolean isCompleted)
   at Microsoft.AspNetCore.Mvc.Infrastructure.ResourceInvoker.&lt;InvokeNextResourceFilter&gt;g__Awaited|25_0(ResourceInvoker invoker, Task lastTask, State next, Scope scope, Object state, Boolean isCompleted)
   at Microsoft.AspNetCore.Mvc.Infrastructure.ResourceInvoker.Rethrow(ResourceExecutedContextSealed context)
   at Microsoft.AspNetCore.Mvc.Infrastructure.ResourceInvoker.Next(State&amp; next, Scope&amp; scope, Object&amp; state, Boolean&amp; isCompleted)
   at Microsoft.AspNetCore.Mvc.Infrastructure.ResourceInvoker.&lt;InvokeFilterPipelineAsync&gt;g__Awaited|20_0(ResourceInvoker invoker, Task lastTask, State next, Scope scope, Object state, Boolean isCompleted)
   at Microsoft.AspNetCore.Mvc.Infrastructure.ResourceInvoker.&lt;InvokeAsync&gt;g__Awaited|17_0(ResourceInvoker invoker, Task task, IDisposable scope)
   at Microsoft.AspNetCore.Mvc.Infrastructure.ResourceInvoker.&lt;InvokeAsync&gt;g__Awaited|17_0(ResourceInvoker invoker, Task task, IDisposable scope)
   at Microsoft.AspNetCore.Builder.RouterMiddleware.Invoke(HttpContext httpContext)
   at Kudu.Services.Web.Tracing.TraceMiddleware.Invoke(HttpContext context) in /tmp/KuduLite/Kudu.Services.Web/Tracing/TraceMiddleware.cs:line 101" innerText="&gt; Build error occurred
Error: &gt; Couldn&apos;t find any `pages` or `app` directory. Please create one under the project root
    at findPagesDir (/tmp/8de28cd507bf1c1/node_modules/next/dist/lib/find-pages-dir.js:42:15)
    at /tmp/8de28cd507bf1c1/node_modules/next/dist/build/index.js:406:73
    at async Span.traceAsyncFn (/tmp/8de28cd507bf1c1/node_modules/next/dist/trace/trace.js:154:20)
    at async build (/tmp/8de28cd507bf1c1/node_modules/next/dist/build/index.js:368:9)
/bin/bash -c &quot;oryx build /tmp/zipdeploy/extracted -o /home/site/wwwroot --platform nodejs --platform-version 20 -p virtualenv_name= --log-file /tmp/build-debug.log  -i /tmp/8de28cd507bf1c1 -p compress_node_modules=tar-gz | tee /tmp/oryx-build.log ; exit $PIPESTATUS &quot;" innerStackTrace="   at Kudu.Core.Infrastructure.Executable.ExecuteInternal(ITracer tracer, Func`2 onWriteOutput, Func`2 onWriteError, CancellationToken token, Encoding encoding, String arguments, Object[] args) in /tmp/KuduLite/Kudu.Core/Infrastructure/Executable.cs:line 239
   at Kudu.Core.Infrastructure.Executable.ExecuteWithProgressWriter(ILogger logger, ITracer tracer, CancellationToken token, String arguments, Object[] args) in /tmp/KuduLite/Kudu.Core/Infrastructure/Executable.cs:line 118
   at Kudu.Core.Deployment.Generator.ExternalCommandBuilder.RunCommand(DeploymentContext context, String command, Boolean ignoreManifest, CancellationToken token, String message) in /tmp/KuduLite/Kudu.Core/Deployment/Generator/ExternalCommandBuilder.cs:line 122
   at Kudu.Core.Deployment.Generator.OryxBuilder.RunBuildCommand(IOryxArguments args, DeploymentContext context, CancellationToken token) in /tmp/KuduLite/Kudu.Core/Deployment/Generator/OryxBuilder.cs:line 295
   at Kudu.Core.Deployment.Generator.OryxBuilder.Build(DeploymentContext context, CancellationToken token) in /tmp/KuduLite/Kudu.Core/Deployment/Generator/OryxBuilder.cs:line 136
   at Kudu.Core.Deployment.DeploymentManager.Build(ChangeSet changeSet, ITracer tracer, IDisposable deployStep, IRepository repository, DeploymentInfoBase deploymentInfo, DeploymentAnalytics deploymentAnalytics, Boolean fullBuildByDefault, CancellationToken cancellationToken) in /tmp/KuduLite/Kudu.Core/Deployment/DeploymentManager.cs:line 771
   at Kudu.Core.Deployment.DeploymentManager.Build(ChangeSet changeSet, ITracer tracer, IDisposable deployStep, IRepository repository, DeploymentInfoBase deploymentInfo, DeploymentAnalytics deploymentAnalytics, Boolean fullBuildByDefault, CancellationToken cancellationToken) in /tmp/KuduLite/Kudu.Core/Deployment/DeploymentManager.cs:line 840
   at Kudu.Core.Deployment.DeploymentManager.DeployAsync(IRepository repository, ChangeSet changeSet, String deployer, Boolean clean, DeploymentInfoBase deploymentInfo, Boolean needFileUpdate, Boolean fullBuildByDefault) in /tmp/KuduLite/Kudu.Core/Deployment/DeploymentManager.cs:line 266" /><!-- duration: 2ms -->
      <step title="Incoming Request" date="2025-11-21T07:16:08.664" url="/Error?type=zip&amp;async=False" method="POST" type="request" pid="833,1,23" Accept="*/*" Host="huronportal-app.scm.azurewebsites.net" User-Agent="AZURECLI/2.79.0 (DEB)" Accept-Encoding="gzip, deflate" Authorization="Bea..." Cache-Control="no-cache" Content-Type="application/octet-stream" Cookie="ARRAffinity=dc7a138dfcb63bce17254cc4321cf14c9178fc6ae4c339b927686049d314ddf6; ARRAffinitySameSite=dc7a138dfcb63bce17254cc4321cf14c9178fc6ae4c339b927686049d314ddf6" Content-Length="180567565" x-ms-client-request-id="45569efe-c6a9-11f0-a059-0022489022e3" x-ms-artifact-checksum="95da15ee0af93adf8a5cd972e804f8e3bbd63b648f68abb11100876bd42b8d15" X-ARR-LOG-ID="45569efe-c6a9-11f0-a059-0022489022e3" CLIENT-IP="64.236.144.104:15361" X-SITE-DEPLOYMENT-ID="huronportal-app" WAS-DEFAULT-HOSTNAME="huronportal-app.scm.azurewebsites.net" X-Forwarded-Proto="https" X-AppService-Proto="https" X-Forwarded-TlsVersion="1.3" X-WAWS-Unencoded-URL="/api/publish?type=zip&amp;async=False" X-Client-IP="64.236.144.104" X-Client-Port="15361" >
        <step title="Outgoing response" date="2025-11-21T07:16:08.805" type="response" statusCode="400" statusText="BadRequest" /><!-- duration: 6ms -->
      </step><!-- duration: 150ms -->
