<step title="Incoming Request" date="2025-11-21T07:20:26.225" instance="dc7a13" url="/api/publish?type=zip&amp;async=False&amp;restart=True&amp;clean=True" method="POST" type="request" pid="833,1,23" Accept="*/*" Host="huronportal-app.scm.azurewebsites.net" User-Agent="AZURECLI/2.79.0 (DEB)" Accept-Encoding="gzip, deflate" Authorization="Bea..." Cache-Control="no-cache" Content-Type="application/octet-stream" Cookie="ARRAffinity=dc7a138dfcb63bce17254cc4321cf14c9178fc6ae4c339b927686049d314ddf6; ARRAffinitySameSite=dc7a138dfcb63bce17254cc4321cf14c9178fc6ae4c339b927686049d314ddf6" Content-Length="143573092" x-ms-client-request-id="85c0a27c-c6aa-11f0-a059-0022488f638a" x-ms-artifact-checksum="71a15ea0c29b11d323270b0c80d2e6dcabbbfc472b748309b01fcecdfc10a7bd" X-ARR-LOG-ID="85c0a27c-c6aa-11f0-a059-0022488f638a" CLIENT-IP="172.183.131.17:57353" X-SITE-DEPLOYMENT-ID="huronportal-app" WAS-DEFAULT-HOSTNAME="huronportal-app.scm.azurewebsites.net" X-Forwarded-Proto="https" X-AppService-Proto="https" X-Forwarded-TlsVersion="1.3" X-WAWS-Unencoded-URL="/api/publish?type=zip&amp;async=False&amp;restart=True&amp;clean=True" X-Client-IP="172.183.131.17" X-Client-Port="57353" >
  <step title="OneDeploy" date="2025-11-21T07:20:26.286" >
    <step title="Starting PushDeployAsync" date="2025-11-21T07:20:26.324" /><!-- duration: 32ms -->
    <step title="Writing artifact to /tmp/zipdeploy/8a060dd8-e378-4e1b-8ef3-56066b3625b7.zip" date="2025-11-21T07:20:26.385" >
      <step title="Writing multipart request body to /tmp/zipdeploy/8a060dd8-e378-4e1b-8ef3-56066b3625b7.zip" date="2025-11-21T07:20:26.394" /><!-- duration: 20ms -->
    </step><!-- duration: 5029ms -->
    <step title="Attempting to fetch target branch HEAD" date="2025-11-21T07:20:31.445" /><!-- duration: 19ms -->
    <step title="Acquiring Deployment Lock" date="2025-11-21T07:20:31.474" /><!-- duration: 3ms -->
    <step title="Acquired Deployment Lock" date="2025-11-21T07:20:31.496" /><!-- duration: 1ms -->
    <step title="Performing fetch based deployment" date="2025-11-21T07:20:31.500" >
      <step title="Creating temporary deployment" date="2025-11-21T07:20:31.515" /><!-- duration: 81ms -->
      <step title="Releasing Deployment Lock" date="2025-11-21T07:20:32.848" /><!-- duration: 18ms -->
      <step title="Cleaning up temp folders from previous zip deployments and extracting pushed zip file /tmp/zipdeploy/8a060dd8-e378-4e1b-8ef3-56066b3625b7.zip (136.92 MB) to /tmp/zipdeploy/extracted" date="2025-11-21T07:20:32.937" >
        <step title="ChmodRecursive Process exited with total time taken in ms: 358" date="2025-11-21T07:20:58.621" /><!-- duration: 18ms -->
      </step><!-- duration: 25754ms -->
      <step title="None repository commit" date="2025-11-21T07:20:58.701" >
        <step title="Commit id: 8016340b-d3f6-49a0-ba4e-18c8b0ca8b43" date="2025-11-21T07:20:58.710" Message="OneDeploy" AuthorName="N/A" AuthorEmail="N/A" /><!-- duration: 9ms -->
      </step><!-- duration: 20ms -->
      <step title="Deployment timer started" date="2025-11-21T07:21:00.765" >
        <step title="DeploymentManager.Deploy(id:8016340b-d3f6-49a0-ba4e-18c8b0ca8b43)" date="2025-11-21T07:21:00.768" >
          <step title="Collecting changeset information" date="2025-11-21T07:21:00.788" /><!-- duration: 80ms -->
          <step title="Updating submodules" date="2025-11-21T07:21:00.871" /><!-- duration: 1188ms -->
          <step title="Determining deployment builder" date="2025-11-21T07:21:02.338" >
            <step title="Builder is OryxBuilder" date="2025-11-21T07:21:02.343" /><!-- duration: 8ms -->
          </step><!-- duration: 14ms -->
          <step title="PreDeployment: context.CleanOutputPath False" date="2025-11-21T07:21:02.412" >
            <step title="PreDeployment: context.OutputPath /home/site/wwwroot" date="2025-11-21T07:21:02.527" >
              <step title="Building" date="2025-11-21T07:21:02.758" >
                <step title="Executing external process" date="2025-11-21T07:21:03.353" type="process" path="bash" arguments="-c &quot;oryx build /tmp/zipdeploy/extracted -o /home/site/wwwroot --platform nodejs --platform-version 20 -p virtualenv_name= --log-file /tmp/build-debug.log  -i /tmp/8de28ce86d3e374 -p compress_node_modules=tar-gz | tee /tmp/oryx-build.log ; exit $PIPESTATUS &quot;" >
                  <step title="Cpu: npm install(1702,27.190s)+build.sh(1617,0.030s)+oryx(1596,7.060s)+tee(1597,0.000s)+bash(1595,0.000s)=total(34.280s)" date="2025-11-21T07:22:20.033" /><!-- duration: 32ms -->
                  <step title="bash: no io activity for 60s, prev-cpu=-1.000s, current-cpu=34.280s" date="2025-11-21T07:22:20.123" /><!-- duration: 20ms -->
                  <step title="Cpu: npm install(1702,44.420s)+build.sh(1617,0.030s)+oryx(1596,7.270s)+tee(1597,0.000s)+bash(1595,0.000s)=total(51.710s)" date="2025-11-21T07:23:20.983" /><!-- duration: 20ms -->
                  <step title="bash: no io activity for 121s, prev-cpu=34.280s, current-cpu=51.710s" date="2025-11-21T07:23:21.133" /><!-- duration: 63ms -->
                  <step title="Cpu: npm install(1702,84.260s)+build.sh(1617,0.030s)+oryx(1596,7.370s)+tee(1597,0.000s)+bash(1595,0.000s)=total(91.660s)" date="2025-11-21T07:24:21.957" /><!-- duration: 29ms -->
                  <step title="bash: no io activity for 182s, prev-cpu=51.710s, current-cpu=91.660s" date="2025-11-21T07:24:22.005" /><!-- duration: 31ms -->
                  <step title="Process dump" date="2025-11-21T07:24:29.439" exitCode="1" type="processOutput" /><!-- duration: 4ms -->
                </step><!-- duration: 206098ms -->
                <step title="Error occurred" date="2025-11-21T07:24:29.497" type="error" text="&gt; Build error occurred
Error: &gt; Couldn&apos;t find any `pages` or `app` directory. Please create one under the project root
    at findPagesDir (/tmp/8de28ce86d3e374/node_modules/next/dist/lib/find-pages-dir.js:42:15)
    at /tmp/8de28ce86d3e374/node_modules/next/dist/build/index.js:406:73
    at async Span.traceAsyncFn (/tmp/8de28ce86d3e374/node_modules/next/dist/trace/trace.js:154:20)
    at async build (/tmp/8de28ce86d3e374/node_modules/next/dist/build/index.js:368:9)
/bin/bash -c &quot;oryx build /tmp/zipdeploy/extracted -o /home/site/wwwroot --platform nodejs --platform-version 20 -p virtualenv_name= --log-file /tmp/build-debug.log  -i /tmp/8de28ce86d3e374 -p compress_node_modules=tar-gz | tee /tmp/oryx-build.log ; exit $PIPESTATUS &quot;" stackTrace="   at Kudu.Core.Infrastructure.Executable.ExecuteInternal(ITracer tracer, Func`2 onWriteOutput, Func`2 onWriteError, CancellationToken token, Encoding encoding, String arguments, Object[] args) in /tmp/KuduLite/Kudu.Core/Infrastructure/Executable.cs:line 239
   at Kudu.Core.Infrastructure.Executable.ExecuteWithProgressWriter(ILogger logger, ITracer tracer, CancellationToken token, String arguments, Object[] args) in /tmp/KuduLite/Kudu.Core/Infrastructure/Executable.cs:line 118
   at Kudu.Core.Deployment.Generator.ExternalCommandBuilder.RunCommand(DeploymentContext context, String command, Boolean ignoreManifest, CancellationToken token, String message) in /tmp/KuduLite/Kudu.Core/Deployment/Generator/ExternalCommandBuilder.cs:line 122" /><!-- duration: 3ms -->
                <step title="Error occurred" date="2025-11-21T07:24:29.663" type="error" text="&gt; Build error occurred
Error: &gt; Couldn&apos;t find any `pages` or `app` directory. Please create one under the project root
    at findPagesDir (/tmp/8de28ce86d3e374/node_modules/next/dist/lib/find-pages-dir.js:42:15)
    at /tmp/8de28ce86d3e374/node_modules/next/dist/build/index.js:406:73
    at async Span.traceAsyncFn (/tmp/8de28ce86d3e374/node_modules/next/dist/trace/trace.js:154:20)
    at async build (/tmp/8de28ce86d3e374/node_modules/next/dist/build/index.js:368:9)
/bin/bash -c &quot;oryx build /tmp/zipdeploy/extracted -o /home/site/wwwroot --platform nodejs --platform-version 20 -p virtualenv_name= --log-file /tmp/build-debug.log  -i /tmp/8de28ce86d3e374 -p compress_node_modules=tar-gz | tee /tmp/oryx-build.log ; exit $PIPESTATUS &quot;" stackTrace="   at Kudu.Core.Infrastructure.Executable.ExecuteInternal(ITracer tracer, Func`2 onWriteOutput, Func`2 onWriteError, CancellationToken token, Encoding encoding, String arguments, Object[] args) in /tmp/KuduLite/Kudu.Core/Infrastructure/Executable.cs:line 239
   at Kudu.Core.Infrastructure.Executable.ExecuteWithProgressWriter(ILogger logger, ITracer tracer, CancellationToken token, String arguments, Object[] args) in /tmp/KuduLite/Kudu.Core/Infrastructure/Executable.cs:line 118
   at Kudu.Core.Deployment.Generator.ExternalCommandBuilder.RunCommand(DeploymentContext context, String command, Boolean ignoreManifest, CancellationToken token, String message) in /tmp/KuduLite/Kudu.Core/Deployment/Generator/ExternalCommandBuilder.cs:line 122
   at Kudu.Core.Deployment.Generator.OryxBuilder.RunBuildCommand(IOryxArguments args, DeploymentContext context, CancellationToken token) in /tmp/KuduLite/Kudu.Core/Deployment/Generator/OryxBuilder.cs:line 295
   at Kudu.Core.Deployment.Generator.OryxBuilder.Build(DeploymentContext context, CancellationToken token) in /tmp/KuduLite/Kudu.Core/Deployment/Generator/OryxBuilder.cs:line 136
   at Kudu.Core.Deployment.DeploymentManager.Build(ChangeSet changeSet, ITracer tracer, IDisposable deployStep, IRepository repository, DeploymentInfoBase deploymentInfo, DeploymentAnalytics deploymentAnalytics, Boolean fullBuildByDefault, CancellationToken cancellationToken) in /tmp/KuduLite/Kudu.Core/Deployment/DeploymentManager.cs:line 771" /><!-- duration: 8ms -->
                <step title="Using GenericDeploymentLogParser" date="2025-11-21T07:24:30.085" /><!-- duration: 2ms -->
                <step title="Purge deployment items" date="2025-11-21T07:24:31.556" >
                  <step title="Remove f77ccd83-, Failed, received at 11/21/2025 07:17:47" date="2025-11-21T07:24:31.635" /><!-- duration: 2ms -->
                </step><!-- duration: 88ms -->
              </step><!-- duration: 208887ms -->
            </step><!-- duration: 209133ms -->
            <step title="Error occurred" date="2025-11-21T07:24:31.667" type="error" text="&gt; Build error occurred
Error: &gt; Couldn&apos;t find any `pages` or `app` directory. Please create one under the project root
    at findPagesDir (/tmp/8de28ce86d3e374/node_modules/next/dist/lib/find-pages-dir.js:42:15)
    at /tmp/8de28ce86d3e374/node_modules/next/dist/build/index.js:406:73
    at async Span.traceAsyncFn (/tmp/8de28ce86d3e374/node_modules/next/dist/trace/trace.js:154:20)
    at async build (/tmp/8de28ce86d3e374/node_modules/next/dist/build/index.js:368:9)
/bin/bash -c &quot;oryx build /tmp/zipdeploy/extracted -o /home/site/wwwroot --platform nodejs --platform-version 20 -p virtualenv_name= --log-file /tmp/build-debug.log  -i /tmp/8de28ce86d3e374 -p compress_node_modules=tar-gz | tee /tmp/oryx-build.log ; exit $PIPESTATUS &quot;" stackTrace="   at Kudu.Core.Infrastructure.Executable.ExecuteInternal(ITracer tracer, Func`2 onWriteOutput, Func`2 onWriteError, CancellationToken token, Encoding encoding, String arguments, Object[] args) in /tmp/KuduLite/Kudu.Core/Infrastructure/Executable.cs:line 239
   at Kudu.Core.Infrastructure.Executable.ExecuteWithProgressWriter(ILogger logger, ITracer tracer, CancellationToken token, String arguments, Object[] args) in /tmp/KuduLite/Kudu.Core/Infrastructure/Executable.cs:line 118
   at Kudu.Core.Deployment.Generator.ExternalCommandBuilder.RunCommand(DeploymentContext context, String command, Boolean ignoreManifest, CancellationToken token, String message) in /tmp/KuduLite/Kudu.Core/Deployment/Generator/ExternalCommandBuilder.cs:line 122
   at Kudu.Core.Deployment.Generator.OryxBuilder.RunBuildCommand(IOryxArguments args, DeploymentContext context, CancellationToken token) in /tmp/KuduLite/Kudu.Core/Deployment/Generator/OryxBuilder.cs:line 295
   at Kudu.Core.Deployment.Generator.OryxBuilder.Build(DeploymentContext context, CancellationToken token) in /tmp/KuduLite/Kudu.Core/Deployment/Generator/OryxBuilder.cs:line 136
   at Kudu.Core.Deployment.DeploymentManager.Build(ChangeSet changeSet, ITracer tracer, IDisposable deployStep, IRepository repository, DeploymentInfoBase deploymentInfo, DeploymentAnalytics deploymentAnalytics, Boolean fullBuildByDefault, CancellationToken cancellationToken) in /tmp/KuduLite/Kudu.Core/Deployment/DeploymentManager.cs:line 771
   at Kudu.Core.Deployment.DeploymentManager.Build(ChangeSet changeSet, ITracer tracer, IDisposable deployStep, IRepository repository, DeploymentInfoBase deploymentInfo, DeploymentAnalytics deploymentAnalytics, Boolean fullBuildByDefault, CancellationToken cancellationToken) in /tmp/KuduLite/Kudu.Core/Deployment/DeploymentManager.cs:line 840" /><!-- duration: 9ms -->
            <step title="Cleaning up temp files" date="2025-11-21T07:24:31.748" /><!-- duration: 3769ms -->
            <step title="Cleaning up temp files" date="2025-11-21T07:24:35.527" /><!-- duration: 522ms -->
            <step title="Error occurred" date="2025-11-21T07:24:36.088" type="error" text="&gt; Build error occurred
Error: &gt; Couldn&apos;t find any `pages` or `app` directory. Please create one under the project root
    at findPagesDir (/tmp/8de28ce86d3e374/node_modules/next/dist/lib/find-pages-dir.js:42:15)
    at /tmp/8de28ce86d3e374/node_modules/next/dist/build/index.js:406:73
    at async Span.traceAsyncFn (/tmp/8de28ce86d3e374/node_modules/next/dist/trace/trace.js:154:20)
    at async build (/tmp/8de28ce86d3e374/node_modules/next/dist/build/index.js:368:9)
/bin/bash -c &quot;oryx build /tmp/zipdeploy/extracted -o /home/site/wwwroot --platform nodejs --platform-version 20 -p virtualenv_name= --log-file /tmp/build-debug.log  -i /tmp/8de28ce86d3e374 -p compress_node_modules=tar-gz | tee /tmp/oryx-build.log ; exit $PIPESTATUS &quot;" stackTrace="   at Kudu.Core.Infrastructure.Executable.ExecuteInternal(ITracer tracer, Func`2 onWriteOutput, Func`2 onWriteError, CancellationToken token, Encoding encoding, String arguments, Object[] args) in /tmp/KuduLite/Kudu.Core/Infrastructure/Executable.cs:line 239
   at Kudu.Core.Infrastructure.Executable.ExecuteWithProgressWriter(ILogger logger, ITracer tracer, CancellationToken token, String arguments, Object[] args) in /tmp/KuduLite/Kudu.Core/Infrastructure/Executable.cs:line 118
   at Kudu.Core.Deployment.Generator.ExternalCommandBuilder.RunCommand(DeploymentContext context, String command, Boolean ignoreManifest, CancellationToken token, String message) in /tmp/KuduLite/Kudu.Core/Deployment/Generator/ExternalCommandBuilder.cs:line 122
   at Kudu.Core.Deployment.Generator.OryxBuilder.RunBuildCommand(IOryxArguments args, DeploymentContext context, CancellationToken token) in /tmp/KuduLite/Kudu.Core/Deployment/Generator/OryxBuilder.cs:line 295
   at Kudu.Core.Deployment.Generator.OryxBuilder.Build(DeploymentContext context, CancellationToken token) in /tmp/KuduLite/Kudu.Core/Deployment/Generator/OryxBuilder.cs:line 136
   at Kudu.Core.Deployment.DeploymentManager.Build(ChangeSet changeSet, ITracer tracer, IDisposable deployStep, IRepository repository, DeploymentInfoBase deploymentInfo, DeploymentAnalytics deploymentAnalytics, Boolean fullBuildByDefault, CancellationToken cancellationToken) in /tmp/KuduLite/Kudu.Core/Deployment/DeploymentManager.cs:line 771
   at Kudu.Core.Deployment.DeploymentManager.Build(ChangeSet changeSet, ITracer tracer, IDisposable deployStep, IRepository repository, DeploymentInfoBase deploymentInfo, DeploymentAnalytics deploymentAnalytics, Boolean fullBuildByDefault, CancellationToken cancellationToken) in /tmp/KuduLite/Kudu.Core/Deployment/DeploymentManager.cs:line 840
   at Kudu.Core.Deployment.DeploymentManager.DeployAsync(IRepository repository, ChangeSet changeSet, String deployer, Boolean clean, DeploymentInfoBase deploymentInfo, Boolean needFileUpdate, Boolean fullBuildByDefault) in /tmp/KuduLite/Kudu.Core/Deployment/DeploymentManager.cs:line 266" /><!-- duration: 2ms -->
          </step><!-- duration: 213697ms -->
          <step title="Reloading status file with latest updates" date="2025-11-21T07:24:36.161" >
            <step title="WebHooksManager.PublishEventAsync: PostDeployment" date="2025-11-21T07:24:36.169" /><!-- duration: 173ms -->
          </step><!-- duration: 191ms -->
          <step title="Error occurred" date="2025-11-21T07:24:36.354" type="error" text="&gt; Build error occurred
Error: &gt; Couldn&apos;t find any `pages` or `app` directory. Please create one under the project root
    at findPagesDir (/tmp/8de28ce86d3e374/node_modules/next/dist/lib/find-pages-dir.js:42:15)
    at /tmp/8de28ce86d3e374/node_modules/next/dist/build/index.js:406:73
    at async Span.traceAsyncFn (/tmp/8de28ce86d3e374/node_modules/next/dist/trace/trace.js:154:20)
    at async build (/tmp/8de28ce86d3e374/node_modules/next/dist/build/index.js:368:9)
/bin/bash -c &quot;oryx build /tmp/zipdeploy/extracted -o /home/site/wwwroot --platform nodejs --platform-version 20 -p virtualenv_name= --log-file /tmp/build-debug.log  -i /tmp/8de28ce86d3e374 -p compress_node_modules=tar-gz | tee /tmp/oryx-build.log ; exit $PIPESTATUS &quot;" stackTrace="   at Kudu.Core.Infrastructure.Executable.ExecuteInternal(ITracer tracer, Func`2 onWriteOutput, Func`2 onWriteError, CancellationToken token, Encoding encoding, String arguments, Object[] args) in /tmp/KuduLite/Kudu.Core/Infrastructure/Executable.cs:line 239
   at Kudu.Core.Infrastructure.Executable.ExecuteWithProgressWriter(ILogger logger, ITracer tracer, CancellationToken token, String arguments, Object[] args) in /tmp/KuduLite/Kudu.Core/Infrastructure/Executable.cs:line 118
   at Kudu.Core.Deployment.Generator.ExternalCommandBuilder.RunCommand(DeploymentContext context, String command, Boolean ignoreManifest, CancellationToken token, String message) in /tmp/KuduLite/Kudu.Core/Deployment/Generator/ExternalCommandBuilder.cs:line 122
   at Kudu.Core.Deployment.Generator.OryxBuilder.RunBuildCommand(IOryxArguments args, DeploymentContext context, CancellationToken token) in /tmp/KuduLite/Kudu.Core/Deployment/Generator/OryxBuilder.cs:line 295
   at Kudu.Core.Deployment.Generator.OryxBuilder.Build(DeploymentContext context, CancellationToken token) in /tmp/KuduLite/Kudu.Core/Deployment/Generator/OryxBuilder.cs:line 136
   at Kudu.Core.Deployment.DeploymentManager.Build(ChangeSet changeSet, ITracer tracer, IDisposable deployStep, IRepository repository, DeploymentInfoBase deploymentInfo, DeploymentAnalytics deploymentAnalytics, Boolean fullBuildByDefault, CancellationToken cancellationToken) in /tmp/KuduLite/Kudu.Core/Deployment/DeploymentManager.cs:line 771
   at Kudu.Core.Deployment.DeploymentManager.Build(ChangeSet changeSet, ITracer tracer, IDisposable deployStep, IRepository repository, DeploymentInfoBase deploymentInfo, DeploymentAnalytics deploymentAnalytics, Boolean fullBuildByDefault, CancellationToken cancellationToken) in /tmp/KuduLite/Kudu.Core/Deployment/DeploymentManager.cs:line 840
   at Kudu.Core.Deployment.DeploymentManager.DeployAsync(IRepository repository, ChangeSet changeSet, String deployer, Boolean clean, DeploymentInfoBase deploymentInfo, Boolean needFileUpdate, Boolean fullBuildByDefault) in /tmp/KuduLite/Kudu.Core/Deployment/DeploymentManager.cs:line 266" /><!-- duration: 2ms -->
          <step title="Marking deployment as failed and cleaning up the temp deployment" date="2025-11-21T07:24:36.425" /><!-- duration: 10ms -->
        </step><!-- duration: 215791ms -->
      </step><!-- duration: 215802ms -->
      <step title="Error occurred" date="2025-11-21T07:24:36.607" type="error" text="Deployment failed" stackTrace="   at Kudu.Core.Deployment.DeploymentManager.DeployAsync(IRepository repository, ChangeSet changeSet, String deployer, Boolean clean, DeploymentInfoBase deploymentInfo, Boolean needFileUpdate, Boolean fullBuildByDefault) in /tmp/KuduLite/Kudu.Core/Deployment/DeploymentManager.cs:line 307
   at Kudu.Core.Deployment.FetchDeploymentManager.PerformDeployment(DeploymentInfoBase deploymentInfo, IDisposable tempDeployment, ChangeSet tempChangeSet, DeployStatusApiResult updateStatusObj) in /tmp/KuduLite/Kudu.Core/Deployment/FetchDeploymentManager.cs:line 230
   at Kudu.Core.Deployment.FetchDeploymentManager.&lt;&gt;c__DisplayClass17_0.&lt;&lt;FetchDeploy&gt;b__0&gt;d.MoveNext() in /tmp/KuduLite/Kudu.Core/Deployment/FetchDeploymentManager.cs:line 131
--- End of stack trace from previous location ---
   at Kudu.Core.Deployment.FetchDeploymentManager.FetchDeploy(DeploymentInfoBase deployInfo, Boolean asyncRequested, Uri requestUri, String targetBranch) in /tmp/KuduLite/Kudu.Core/Deployment/FetchDeploymentManager.cs:line 124
   at Kudu.Services.Deployment.PushDeploymentController.PushDeployAsync(ArtifactDeploymentInfo deploymentInfo, Boolean isAsync, HttpContext context, JObject requestJson) in /tmp/KuduLite/Kudu.Services/Deployment/PushDeploymentController.cs:line 802
   at Kudu.Services.Deployment.PushDeploymentController.OneDeploy(String type, Boolean async, String path, Nullable`1 restart, Nullable`1 clean, Boolean ignoreStack, Boolean trackDeploymentProgress, Boolean trackStatus, Boolean reset) in /tmp/KuduLite/Kudu.Services/Deployment/PushDeploymentController.cs:line 624
   at Microsoft.AspNetCore.Mvc.Infrastructure.ActionMethodExecutor.TaskOfIActionResultExecutor.Execute(ActionContext actionContext, IActionResultTypeMapper mapper, ObjectMethodExecutor executor, Object controller, Object[] arguments)
   at Microsoft.AspNetCore.Mvc.Infrastructure.ControllerActionInvoker.&lt;InvokeActionMethodAsync&gt;g__Awaited|12_0(ControllerActionInvoker invoker, ValueTask`1 actionResultValueTask)
   at Microsoft.AspNetCore.Mvc.Infrastructure.ControllerActionInvoker.&lt;InvokeNextActionFilterAsync&gt;g__Awaited|10_0(ControllerActionInvoker invoker, Task lastTask, State next, Scope scope, Object state, Boolean isCompleted)
   at Microsoft.AspNetCore.Mvc.Infrastructure.ControllerActionInvoker.Rethrow(ActionExecutedContextSealed context)
   at Microsoft.AspNetCore.Mvc.Infrastructure.ControllerActionInvoker.Next(State&amp; next, Scope&amp; scope, Object&amp; state, Boolean&amp; isCompleted)
   at Microsoft.AspNetCore.Mvc.Infrastructure.ControllerActionInvoker.&lt;InvokeInnerFilterAsync&gt;g__Awaited|13_0(ControllerActionInvoker invoker, Task lastTask, State next, Scope scope, Object state, Boolean isCompleted)
   at Microsoft.AspNetCore.Mvc.Infrastructure.ResourceInvoker.&lt;InvokeNextResourceFilter&gt;g__Awaited|25_0(ResourceInvoker invoker, Task lastTask, State next, Scope scope, Object state, Boolean isCompleted)
   at Microsoft.AspNetCore.Mvc.Infrastructure.ResourceInvoker.Rethrow(ResourceExecutedContextSealed context)
   at Microsoft.AspNetCore.Mvc.Infrastructure.ResourceInvoker.Next(State&amp; next, Scope&amp; scope, Object&amp; state, Boolean&amp; isCompleted)
   at Microsoft.AspNetCore.Mvc.Infrastructure.ResourceInvoker.&lt;InvokeFilterPipelineAsync&gt;g__Awaited|20_0(ResourceInvoker invoker, Task lastTask, State next, Scope scope, Object state, Boolean isCompleted)
   at Microsoft.AspNetCore.Mvc.Infrastructure.ResourceInvoker.&lt;InvokeAsync&gt;g__Awaited|17_0(ResourceInvoker invoker, Task task, IDisposable scope)
   at Microsoft.AspNetCore.Mvc.Infrastructure.ResourceInvoker.&lt;InvokeAsync&gt;g__Awaited|17_0(ResourceInvoker invoker, Task task, IDisposable scope)
   at Microsoft.AspNetCore.Builder.RouterMiddleware.Invoke(HttpContext httpContext)
   at Kudu.Services.Web.Tracing.TraceMiddleware.Invoke(HttpContext context) in /tmp/KuduLite/Kudu.Services.Web/Tracing/TraceMiddleware.cs:line 101" innerText="&gt; Build error occurred
Error: &gt; Couldn&apos;t find any `pages` or `app` directory. Please create one under the project root
    at findPagesDir (/tmp/8de28ce86d3e374/node_modules/next/dist/lib/find-pages-dir.js:42:15)
    at /tmp/8de28ce86d3e374/node_modules/next/dist/build/index.js:406:73
    at async Span.traceAsyncFn (/tmp/8de28ce86d3e374/node_modules/next/dist/trace/trace.js:154:20)
    at async build (/tmp/8de28ce86d3e374/node_modules/next/dist/build/index.js:368:9)
/bin/bash -c &quot;oryx build /tmp/zipdeploy/extracted -o /home/site/wwwroot --platform nodejs --platform-version 20 -p virtualenv_name= --log-file /tmp/build-debug.log  -i /tmp/8de28ce86d3e374 -p compress_node_modules=tar-gz | tee /tmp/oryx-build.log ; exit $PIPESTATUS &quot;" innerStackTrace="   at Kudu.Core.Infrastructure.Executable.ExecuteInternal(ITracer tracer, Func`2 onWriteOutput, Func`2 onWriteError, CancellationToken token, Encoding encoding, String arguments, Object[] args) in /tmp/KuduLite/Kudu.Core/Infrastructure/Executable.cs:line 239
   at Kudu.Core.Infrastructure.Executable.ExecuteWithProgressWriter(ILogger logger, ITracer tracer, CancellationToken token, String arguments, Object[] args) in /tmp/KuduLite/Kudu.Core/Infrastructure/Executable.cs:line 118
   at Kudu.Core.Deployment.Generator.ExternalCommandBuilder.RunCommand(DeploymentContext context, String command, Boolean ignoreManifest, CancellationToken token, String message) in /tmp/KuduLite/Kudu.Core/Deployment/Generator/ExternalCommandBuilder.cs:line 122
   at Kudu.Core.Deployment.Generator.OryxBuilder.RunBuildCommand(IOryxArguments args, DeploymentContext context, CancellationToken token) in /tmp/KuduLite/Kudu.Core/Deployment/Generator/OryxBuilder.cs:line 295
   at Kudu.Core.Deployment.Generator.OryxBuilder.Build(DeploymentContext context, CancellationToken token) in /tmp/KuduLite/Kudu.Core/Deployment/Generator/OryxBuilder.cs:line 136
   at Kudu.Core.Deployment.DeploymentManager.Build(ChangeSet changeSet, ITracer tracer, IDisposable deployStep, IRepository repository, DeploymentInfoBase deploymentInfo, DeploymentAnalytics deploymentAnalytics, Boolean fullBuildByDefault, CancellationToken cancellationToken) in /tmp/KuduLite/Kudu.Core/Deployment/DeploymentManager.cs:line 771
   at Kudu.Core.Deployment.DeploymentManager.Build(ChangeSet changeSet, ITracer tracer, IDisposable deployStep, IRepository repository, DeploymentInfoBase deploymentInfo, DeploymentAnalytics deploymentAnalytics, Boolean fullBuildByDefault, CancellationToken cancellationToken) in /tmp/KuduLite/Kudu.Core/Deployment/DeploymentManager.cs:line 840
   at Kudu.Core.Deployment.DeploymentManager.DeployAsync(IRepository repository, ChangeSet changeSet, String deployer, Boolean clean, DeploymentInfoBase deploymentInfo, Boolean needFileUpdate, Boolean fullBuildByDefault) in /tmp/KuduLite/Kudu.Core/Deployment/DeploymentManager.cs:line 266" /><!-- duration: 12ms -->
      <step title="Incoming Request" date="2025-11-21T07:24:36.810" url="/Error?type=zip&amp;async=False&amp;restart=True&amp;clean=True" method="POST" type="request" pid="833,1,23" Accept="*/*" Host="huronportal-app.scm.azurewebsites.net" User-Agent="AZURECLI/2.79.0 (DEB)" Accept-Encoding="gzip, deflate" Authorization="Bea..." Cache-Control="no-cache" Content-Type="application/octet-stream" Cookie="ARRAffinity=dc7a138dfcb63bce17254cc4321cf14c9178fc6ae4c339b927686049d314ddf6; ARRAffinitySameSite=dc7a138dfcb63bce17254cc4321cf14c9178fc6ae4c339b927686049d314ddf6" Content-Length="143573092" x-ms-client-request-id="85c0a27c-c6aa-11f0-a059-0022488f638a" x-ms-artifact-checksum="71a15ea0c29b11d323270b0c80d2e6dcabbbfc472b748309b01fcecdfc10a7bd" X-ARR-LOG-ID="85c0a27c-c6aa-11f0-a059-0022488f638a" CLIENT-IP="172.183.131.17:57353" X-SITE-DEPLOYMENT-ID="huronportal-app" WAS-DEFAULT-HOSTNAME="huronportal-app.scm.azurewebsites.net" X-Forwarded-Proto="https" X-AppService-Proto="https" X-Forwarded-TlsVersion="1.3" X-WAWS-Unencoded-URL="/api/publish?type=zip&amp;async=False&amp;restart=True&amp;clean=True" X-Client-IP="172.183.131.17" X-Client-Port="57353" >
        <step title="Outgoing response" date="2025-11-21T07:24:36.862" type="response" statusCode="400" statusText="BadRequest" /><!-- duration: 2ms -->
      </step><!-- duration: 57ms -->
