<step title="Incoming Request" date="2025-11-21T07:26:27.246" instance="dc7a13" url="/api/publish?type=zip&amp;async=False" method="POST" type="request" pid="833,1,23" Accept="*/*" Host="huronportal-app.scm.azurewebsites.net" User-Agent="AZURECLI/2.79.0 (DEB)" Accept-Encoding="gzip, deflate" Authorization="Bea..." Cache-Control="no-cache" Content-Type="application/octet-stream" Cookie="ARRAffinity=dc7a138dfcb63bce17254cc4321cf14c9178fc6ae4c339b927686049d314ddf6; ARRAffinitySameSite=dc7a138dfcb63bce17254cc4321cf14c9178fc6ae4c339b927686049d314ddf6" Content-Length="138775" x-ms-client-request-id="5b65cb96-c6ab-11f0-a059-7ced8d71614d" x-ms-artifact-checksum="84dae0b72c38d4f99f236c3c4c046c10d01cc8c1b4b1af53bf4f049b9d81e8f5" X-ARR-LOG-ID="5b65cb96-c6ab-11f0-a059-7ced8d71614d" CLIENT-IP="68.220.61.180:58369" X-SITE-DEPLOYMENT-ID="huronportal-app" WAS-DEFAULT-HOSTNAME="huronportal-app.scm.azurewebsites.net" X-Forwarded-Proto="https" X-AppService-Proto="https" X-Forwarded-TlsVersion="1.3" X-WAWS-Unencoded-URL="/api/publish?type=zip&amp;async=False" X-Client-IP="68.220.61.180" X-Client-Port="58369" >
  <step title="Cleanup Xml Logs" date="2025-11-21T07:26:27.306" /><!-- duration: 101ms -->
  <step title="OneDeploy" date="2025-11-21T07:26:27.742" >
    <step title="Starting PushDeployAsync" date="2025-11-21T07:26:28.012" /><!-- duration: 48ms -->
    <step title="Writing artifact to /tmp/zipdeploy/2379fc5b-8893-4ee8-a739-8a401fed4f4d.zip" date="2025-11-21T07:26:28.526" >
      <step title="Writing multipart request body to /tmp/zipdeploy/2379fc5b-8893-4ee8-a739-8a401fed4f4d.zip" date="2025-11-21T07:26:28.908" /><!-- duration: 272ms -->
    </step><!-- duration: 1518ms -->
    <step title="Attempting to fetch target branch HEAD" date="2025-11-21T07:26:30.456" /><!-- duration: 28ms -->
    <step title="Acquiring Deployment Lock" date="2025-11-21T07:26:30.757" /><!-- duration: 392ms -->
    <step title="Acquired Deployment Lock" date="2025-11-21T07:26:31.834" /><!-- duration: 310ms -->
    <step title="Performing fetch based deployment" date="2025-11-21T07:26:32.174" >
      <step title="Creating temporary deployment" date="2025-11-21T07:26:32.256" /><!-- duration: 1399ms -->
      <step title="Releasing Deployment Lock" date="2025-11-21T07:26:39.038" /><!-- duration: 32ms -->
      <step title="Cleaning up temp folders from previous zip deployments and extracting pushed zip file /tmp/zipdeploy/2379fc5b-8893-4ee8-a739-8a401fed4f4d.zip (0.13 MB) to /tmp/zipdeploy/extracted" date="2025-11-21T07:26:39.449" >
        <step title="ChmodRecursive Process exited with total time taken in ms: 171" date="2025-11-21T07:26:54.124" /><!-- duration: 29ms -->
      </step><!-- duration: 14723ms -->
      <step title="None repository commit" date="2025-11-21T07:26:54.195" >
        <step title="Commit id: 4b850d4b-44af-4bec-ad41-51032c821bac" date="2025-11-21T07:26:54.253" Message="OneDeploy" AuthorName="N/A" AuthorEmail="N/A" /><!-- duration: 32ms -->
      </step><!-- duration: 108ms -->
      <step title="Deployment timer started" date="2025-11-21T07:26:56.316" >
        <step title="DeploymentManager.Deploy(id:4b850d4b-44af-4bec-ad41-51032c821bac)" date="2025-11-21T07:26:56.338" >
          <step title="Collecting changeset information" date="2025-11-21T07:26:56.436" /><!-- duration: 143ms -->
          <step title="Updating submodules" date="2025-11-21T07:26:56.607" /><!-- duration: 1179ms -->
          <step title="Determining deployment builder" date="2025-11-21T07:26:58.057" >
            <step title="Builder is CustomBuilder" date="2025-11-21T07:26:58.060" /><!-- duration: 6ms -->
          </step><!-- duration: 16ms -->
          <step title="PreDeployment: context.CleanOutputPath False" date="2025-11-21T07:26:58.123" >
            <step title="PreDeployment: context.OutputPath /home/site/wwwroot" date="2025-11-21T07:26:58.273" >
              <step title="Building" date="2025-11-21T07:26:58.400" >
                <step title="Executing external process" date="2025-11-21T07:26:58.847" type="process" path="starter.sh" arguments="deploy.sh" >
                  <step title="Process dump" date="2025-11-21T07:26:58.927" exitCode="127" type="processOutput" /><!-- duration: 9ms -->
                </step><!-- duration: 98ms -->
                <step title="Error occurred" date="2025-11-21T07:26:58.987" type="error" text="/opt/Kudu/Scripts/starter.sh: line 2: exec: deploy.sh: not found
/opt/Kudu/Scripts/starter.sh deploy.sh" stackTrace="   at Kudu.Core.Infrastructure.Executable.ExecuteInternal(ITracer tracer, Func`2 onWriteOutput, Func`2 onWriteError, CancellationToken token, Encoding encoding, String arguments, Object[] args) in /tmp/KuduLite/Kudu.Core/Infrastructure/Executable.cs:line 239
   at Kudu.Core.Infrastructure.Executable.ExecuteWithProgressWriter(ILogger logger, ITracer tracer, CancellationToken token, String arguments, Object[] args) in /tmp/KuduLite/Kudu.Core/Infrastructure/Executable.cs:line 118
   at Kudu.Core.Deployment.Generator.ExternalCommandBuilder.RunCommand(DeploymentContext context, String command, Boolean ignoreManifest, CancellationToken token, String message) in /tmp/KuduLite/Kudu.Core/Deployment/Generator/ExternalCommandBuilder.cs:line 122" /><!-- duration: 12ms -->
                <step title="Error occurred" date="2025-11-21T07:26:59.047" type="error" text="/opt/Kudu/Scripts/starter.sh: line 2: exec: deploy.sh: not found
/opt/Kudu/Scripts/starter.sh deploy.sh" stackTrace="   at Kudu.Core.Infrastructure.Executable.ExecuteInternal(ITracer tracer, Func`2 onWriteOutput, Func`2 onWriteError, CancellationToken token, Encoding encoding, String arguments, Object[] args) in /tmp/KuduLite/Kudu.Core/Infrastructure/Executable.cs:line 239
   at Kudu.Core.Infrastructure.Executable.ExecuteWithProgressWriter(ILogger logger, ITracer tracer, CancellationToken token, String arguments, Object[] args) in /tmp/KuduLite/Kudu.Core/Infrastructure/Executable.cs:line 118
   at Kudu.Core.Deployment.Generator.ExternalCommandBuilder.RunCommand(DeploymentContext context, String command, Boolean ignoreManifest, CancellationToken token, String message) in /tmp/KuduLite/Kudu.Core/Deployment/Generator/ExternalCommandBuilder.cs:line 122
   at Kudu.Core.Deployment.Generator.CustomBuilder.Build(DeploymentContext context, CancellationToken token) in /tmp/KuduLite/Kudu.Core/Deployment/Generator/CustomBuilder.cs:line 53
--- End of stack trace from previous location ---
   at Kudu.Core.Deployment.DeploymentManager.Build(ChangeSet changeSet, ITracer tracer, IDisposable deployStep, IRepository repository, DeploymentInfoBase deploymentInfo, DeploymentAnalytics deploymentAnalytics, Boolean fullBuildByDefault, CancellationToken cancellationToken) in /tmp/KuduLite/Kudu.Core/Deployment/DeploymentManager.cs:line 771" /><!-- duration: 10ms -->
                <step title="Purge deployment items" date="2025-11-21T07:26:59.393" >
                  <step title="Remove temp-4055, Failed, received at 11/21/2025 07:26:32" date="2025-11-21T07:26:59.449" /><!-- duration: 2ms -->
                  <step title="Remove 8016340b-, Failed, received at 11/21/2025 07:21:00" date="2025-11-21T07:26:59.504" /><!-- duration: 1ms -->
                </step><!-- duration: 114ms -->
              </step><!-- duration: 1109ms -->
            </step><!-- duration: 1238ms -->
            <step title="Error occurred" date="2025-11-21T07:26:59.512" type="error" text="/opt/Kudu/Scripts/starter.sh: line 2: exec: deploy.sh: not found
/opt/Kudu/Scripts/starter.sh deploy.sh" stackTrace="   at Kudu.Core.Infrastructure.Executable.ExecuteInternal(ITracer tracer, Func`2 onWriteOutput, Func`2 onWriteError, CancellationToken token, Encoding encoding, String arguments, Object[] args) in /tmp/KuduLite/Kudu.Core/Infrastructure/Executable.cs:line 239
   at Kudu.Core.Infrastructure.Executable.ExecuteWithProgressWriter(ILogger logger, ITracer tracer, CancellationToken token, String arguments, Object[] args) in /tmp/KuduLite/Kudu.Core/Infrastructure/Executable.cs:line 118
   at Kudu.Core.Deployment.Generator.ExternalCommandBuilder.RunCommand(DeploymentContext context, String command, Boolean ignoreManifest, CancellationToken token, String message) in /tmp/KuduLite/Kudu.Core/Deployment/Generator/ExternalCommandBuilder.cs:line 122
   at Kudu.Core.Deployment.Generator.CustomBuilder.Build(DeploymentContext context, CancellationToken token) in /tmp/KuduLite/Kudu.Core/Deployment/Generator/CustomBuilder.cs:line 53
--- End of stack trace from previous location ---
   at Kudu.Core.Deployment.DeploymentManager.Build(ChangeSet changeSet, ITracer tracer, IDisposable deployStep, IRepository repository, DeploymentInfoBase deploymentInfo, DeploymentAnalytics deploymentAnalytics, Boolean fullBuildByDefault, CancellationToken cancellationToken) in /tmp/KuduLite/Kudu.Core/Deployment/DeploymentManager.cs:line 771
   at Kudu.Core.Deployment.DeploymentManager.Build(ChangeSet changeSet, ITracer tracer, IDisposable deployStep, IRepository repository, DeploymentInfoBase deploymentInfo, DeploymentAnalytics deploymentAnalytics, Boolean fullBuildByDefault, CancellationToken cancellationToken) in /tmp/KuduLite/Kudu.Core/Deployment/DeploymentManager.cs:line 840" /><!-- duration: 2ms -->
            <step title="Cleaning up temp files" date="2025-11-21T07:26:59.574" /><!-- duration: 2ms -->
            <step title="Cleaning up temp files" date="2025-11-21T07:26:59.585" /><!-- duration: 504ms -->
            <step title="Error occurred" date="2025-11-21T07:27:00.136" type="error" text="/opt/Kudu/Scripts/starter.sh: line 2: exec: deploy.sh: not found
/opt/Kudu/Scripts/starter.sh deploy.sh" stackTrace="   at Kudu.Core.Infrastructure.Executable.ExecuteInternal(ITracer tracer, Func`2 onWriteOutput, Func`2 onWriteError, CancellationToken token, Encoding encoding, String arguments, Object[] args) in /tmp/KuduLite/Kudu.Core/Infrastructure/Executable.cs:line 239
   at Kudu.Core.Infrastructure.Executable.ExecuteWithProgressWriter(ILogger logger, ITracer tracer, CancellationToken token, String arguments, Object[] args) in /tmp/KuduLite/Kudu.Core/Infrastructure/Executable.cs:line 118
   at Kudu.Core.Deployment.Generator.ExternalCommandBuilder.RunCommand(DeploymentContext context, String command, Boolean ignoreManifest, CancellationToken token, String message) in /tmp/KuduLite/Kudu.Core/Deployment/Generator/ExternalCommandBuilder.cs:line 122
   at Kudu.Core.Deployment.Generator.CustomBuilder.Build(DeploymentContext context, CancellationToken token) in /tmp/KuduLite/Kudu.Core/Deployment/Generator/CustomBuilder.cs:line 53
--- End of stack trace from previous location ---
   at Kudu.Core.Deployment.DeploymentManager.Build(ChangeSet changeSet, ITracer tracer, IDisposable deployStep, IRepository repository, DeploymentInfoBase deploymentInfo, DeploymentAnalytics deploymentAnalytics, Boolean fullBuildByDefault, CancellationToken cancellationToken) in /tmp/KuduLite/Kudu.Core/Deployment/DeploymentManager.cs:line 771
   at Kudu.Core.Deployment.DeploymentManager.Build(ChangeSet changeSet, ITracer tracer, IDisposable deployStep, IRepository repository, DeploymentInfoBase deploymentInfo, DeploymentAnalytics deploymentAnalytics, Boolean fullBuildByDefault, CancellationToken cancellationToken) in /tmp/KuduLite/Kudu.Core/Deployment/DeploymentManager.cs:line 840
   at Kudu.Core.Deployment.DeploymentManager.DeployAsync(IRepository repository, ChangeSet changeSet, String deployer, Boolean clean, DeploymentInfoBase deploymentInfo, Boolean needFileUpdate, Boolean fullBuildByDefault) in /tmp/KuduLite/Kudu.Core/Deployment/DeploymentManager.cs:line 266" /><!-- duration: 2ms -->
          </step><!-- duration: 2026ms -->
          <step title="Reloading status file with latest updates" date="2025-11-21T07:27:00.239" >
            <step title="WebHooksManager.PublishEventAsync: PostDeployment" date="2025-11-21T07:27:00.248" /><!-- duration: 58ms -->
          </step><!-- duration: 80ms -->
          <step title="Error occurred" date="2025-11-21T07:27:00.327" type="error" text="/opt/Kudu/Scripts/starter.sh: line 2: exec: deploy.sh: not found
/opt/Kudu/Scripts/starter.sh deploy.sh" stackTrace="   at Kudu.Core.Infrastructure.Executable.ExecuteInternal(ITracer tracer, Func`2 onWriteOutput, Func`2 onWriteError, CancellationToken token, Encoding encoding, String arguments, Object[] args) in /tmp/KuduLite/Kudu.Core/Infrastructure/Executable.cs:line 239
   at Kudu.Core.Infrastructure.Executable.ExecuteWithProgressWriter(ILogger logger, ITracer tracer, CancellationToken token, String arguments, Object[] args) in /tmp/KuduLite/Kudu.Core/Infrastructure/Executable.cs:line 118
   at Kudu.Core.Deployment.Generator.ExternalCommandBuilder.RunCommand(DeploymentContext context, String command, Boolean ignoreManifest, CancellationToken token, String message) in /tmp/KuduLite/Kudu.Core/Deployment/Generator/ExternalCommandBuilder.cs:line 122
   at Kudu.Core.Deployment.Generator.CustomBuilder.Build(DeploymentContext context, CancellationToken token) in /tmp/KuduLite/Kudu.Core/Deployment/Generator/CustomBuilder.cs:line 53
--- End of stack trace from previous location ---
   at Kudu.Core.Deployment.DeploymentManager.Build(ChangeSet changeSet, ITracer tracer, IDisposable deployStep, IRepository repository, DeploymentInfoBase deploymentInfo, DeploymentAnalytics deploymentAnalytics, Boolean fullBuildByDefault, CancellationToken cancellationToken) in /tmp/KuduLite/Kudu.Core/Deployment/DeploymentManager.cs:line 771
   at Kudu.Core.Deployment.DeploymentManager.Build(ChangeSet changeSet, ITracer tracer, IDisposable deployStep, IRepository repository, DeploymentInfoBase deploymentInfo, DeploymentAnalytics deploymentAnalytics, Boolean fullBuildByDefault, CancellationToken cancellationToken) in /tmp/KuduLite/Kudu.Core/Deployment/DeploymentManager.cs:line 840
   at Kudu.Core.Deployment.DeploymentManager.DeployAsync(IRepository repository, ChangeSet changeSet, String deployer, Boolean clean, DeploymentInfoBase deploymentInfo, Boolean needFileUpdate, Boolean fullBuildByDefault) in /tmp/KuduLite/Kudu.Core/Deployment/DeploymentManager.cs:line 266" /><!-- duration: 22ms -->
          <step title="Could not find status file to mark the deployment failed" date="2025-11-21T07:27:00.450" /><!-- duration: 40ms -->
        </step><!-- duration: 4173ms -->
      </step><!-- duration: 4222ms -->
      <step title="Error occurred" date="2025-11-21T07:27:00.551" type="error" text="Deployment failed" stackTrace="   at Kudu.Core.Deployment.DeploymentManager.DeployAsync(IRepository repository, ChangeSet changeSet, String deployer, Boolean clean, DeploymentInfoBase deploymentInfo, Boolean needFileUpdate, Boolean fullBuildByDefault) in /tmp/KuduLite/Kudu.Core/Deployment/DeploymentManager.cs:line 307
   at Kudu.Core.Deployment.FetchDeploymentManager.PerformDeployment(DeploymentInfoBase deploymentInfo, IDisposable tempDeployment, ChangeSet tempChangeSet, DeployStatusApiResult updateStatusObj) in /tmp/KuduLite/Kudu.Core/Deployment/FetchDeploymentManager.cs:line 230
   at Kudu.Core.Deployment.FetchDeploymentManager.&lt;&gt;c__DisplayClass17_0.&lt;&lt;FetchDeploy&gt;b__0&gt;d.MoveNext() in /tmp/KuduLite/Kudu.Core/Deployment/FetchDeploymentManager.cs:line 131
--- End of stack trace from previous location ---
   at Kudu.Core.Deployment.FetchDeploymentManager.FetchDeploy(DeploymentInfoBase deployInfo, Boolean asyncRequested, Uri requestUri, String targetBranch) in /tmp/KuduLite/Kudu.Core/Deployment/FetchDeploymentManager.cs:line 124
   at Kudu.Services.Deployment.PushDeploymentController.PushDeployAsync(ArtifactDeploymentInfo deploymentInfo, Boolean isAsync, HttpContext context, JObject requestJson) in /tmp/KuduLite/Kudu.Services/Deployment/PushDeploymentController.cs:line 802
   at Kudu.Services.Deployment.PushDeploymentController.OneDeploy(String type, Boolean async, String path, Nullable`1 restart, Nullable`1 clean, Boolean ignoreStack, Boolean trackDeploymentProgress, Boolean trackStatus, Boolean reset) in /tmp/KuduLite/Kudu.Services/Deployment/PushDeploymentController.cs:line 624
   at Microsoft.AspNetCore.Mvc.Infrastructure.ActionMethodExecutor.TaskOfIActionResultExecutor.Execute(ActionContext actionContext, IActionResultTypeMapper mapper, ObjectMethodExecutor executor, Object controller, Object[] arguments)
   at Microsoft.AspNetCore.Mvc.Infrastructure.ControllerActionInvoker.&lt;InvokeActionMethodAsync&gt;g__Awaited|12_0(ControllerActionInvoker invoker, ValueTask`1 actionResultValueTask)
   at Microsoft.AspNetCore.Mvc.Infrastructure.ControllerActionInvoker.&lt;InvokeNextActionFilterAsync&gt;g__Awaited|10_0(ControllerActionInvoker invoker, Task lastTask, State next, Scope scope, Object state, Boolean isCompleted)
   at Microsoft.AspNetCore.Mvc.Infrastructure.ControllerActionInvoker.Rethrow(ActionExecutedContextSealed context)
   at Microsoft.AspNetCore.Mvc.Infrastructure.ControllerActionInvoker.Next(State&amp; next, Scope&amp; scope, Object&amp; state, Boolean&amp; isCompleted)
   at Microsoft.AspNetCore.Mvc.Infrastructure.ControllerActionInvoker.&lt;InvokeInnerFilterAsync&gt;g__Awaited|13_0(ControllerActionInvoker invoker, Task lastTask, State next, Scope scope, Object state, Boolean isCompleted)
   at Microsoft.AspNetCore.Mvc.Infrastructure.ResourceInvoker.&lt;InvokeNextResourceFilter&gt;g__Awaited|25_0(ResourceInvoker invoker, Task lastTask, State next, Scope scope, Object state, Boolean isCompleted)
   at Microsoft.AspNetCore.Mvc.Infrastructure.ResourceInvoker.Rethrow(ResourceExecutedContextSealed context)
   at Microsoft.AspNetCore.Mvc.Infrastructure.ResourceInvoker.Next(State&amp; next, Scope&amp; scope, Object&amp; state, Boolean&amp; isCompleted)
   at Microsoft.AspNetCore.Mvc.Infrastructure.ResourceInvoker.&lt;InvokeFilterPipelineAsync&gt;g__Awaited|20_0(ResourceInvoker invoker, Task lastTask, State next, Scope scope, Object state, Boolean isCompleted)
   at Microsoft.AspNetCore.Mvc.Infrastructure.ResourceInvoker.&lt;InvokeAsync&gt;g__Awaited|17_0(ResourceInvoker invoker, Task task, IDisposable scope)
   at Microsoft.AspNetCore.Mvc.Infrastructure.ResourceInvoker.&lt;InvokeAsync&gt;g__Awaited|17_0(ResourceInvoker invoker, Task task, IDisposable scope)
   at Microsoft.AspNetCore.Builder.RouterMiddleware.Invoke(HttpContext httpContext)
   at Kudu.Services.Web.Tracing.TraceMiddleware.Invoke(HttpContext context) in /tmp/KuduLite/Kudu.Services.Web/Tracing/TraceMiddleware.cs:line 101" innerText="/opt/Kudu/Scripts/starter.sh: line 2: exec: deploy.sh: not found
/opt/Kudu/Scripts/starter.sh deploy.sh" innerStackTrace="   at Kudu.Core.Infrastructure.Executable.ExecuteInternal(ITracer tracer, Func`2 onWriteOutput, Func`2 onWriteError, CancellationToken token, Encoding encoding, String arguments, Object[] args) in /tmp/KuduLite/Kudu.Core/Infrastructure/Executable.cs:line 239
   at Kudu.Core.Infrastructure.Executable.ExecuteWithProgressWriter(ILogger logger, ITracer tracer, CancellationToken token, String arguments, Object[] args) in /tmp/KuduLite/Kudu.Core/Infrastructure/Executable.cs:line 118
   at Kudu.Core.Deployment.Generator.ExternalCommandBuilder.RunCommand(DeploymentContext context, String command, Boolean ignoreManifest, CancellationToken token, String message) in /tmp/KuduLite/Kudu.Core/Deployment/Generator/ExternalCommandBuilder.cs:line 122
   at Kudu.Core.Deployment.Generator.CustomBuilder.Build(DeploymentContext context, CancellationToken token) in /tmp/KuduLite/Kudu.Core/Deployment/Generator/CustomBuilder.cs:line 53
--- End of stack trace from previous location ---
   at Kudu.Core.Deployment.DeploymentManager.Build(ChangeSet changeSet, ITracer tracer, IDisposable deployStep, IRepository repository, DeploymentInfoBase deploymentInfo, DeploymentAnalytics deploymentAnalytics, Boolean fullBuildByDefault, CancellationToken cancellationToken) in /tmp/KuduLite/Kudu.Core/Deployment/DeploymentManager.cs:line 771
   at Kudu.Core.Deployment.DeploymentManager.Build(ChangeSet changeSet, ITracer tracer, IDisposable deployStep, IRepository repository, DeploymentInfoBase deploymentInfo, DeploymentAnalytics deploymentAnalytics, Boolean fullBuildByDefault, CancellationToken cancellationToken) in /tmp/KuduLite/Kudu.Core/Deployment/DeploymentManager.cs:line 840
   at Kudu.Core.Deployment.DeploymentManager.DeployAsync(IRepository repository, ChangeSet changeSet, String deployer, Boolean clean, DeploymentInfoBase deploymentInfo, Boolean needFileUpdate, Boolean fullBuildByDefault) in /tmp/KuduLite/Kudu.Core/Deployment/DeploymentManager.cs:line 266" /><!-- duration: 10ms -->
      <step title="Incoming Request" date="2025-11-21T07:27:00.620" url="/Error?type=zip&amp;async=False" method="POST" type="request" pid="833,1,3" Accept="*/*" Host="huronportal-app.scm.azurewebsites.net" User-Agent="AZURECLI/2.79.0 (DEB)" Accept-Encoding="gzip, deflate" Authorization="Bea..." Cache-Control="no-cache" Content-Type="application/octet-stream" Cookie="ARRAffinity=dc7a138dfcb63bce17254cc4321cf14c9178fc6ae4c339b927686049d314ddf6; ARRAffinitySameSite=dc7a138dfcb63bce17254cc4321cf14c9178fc6ae4c339b927686049d314ddf6" Content-Length="138775" x-ms-client-request-id="5b65cb96-c6ab-11f0-a059-7ced8d71614d" x-ms-artifact-checksum="84dae0b72c38d4f99f236c3c4c046c10d01cc8c1b4b1af53bf4f049b9d81e8f5" X-ARR-LOG-ID="5b65cb96-c6ab-11f0-a059-7ced8d71614d" CLIENT-IP="68.220.61.180:58369" X-SITE-DEPLOYMENT-ID="huronportal-app" WAS-DEFAULT-HOSTNAME="huronportal-app.scm.azurewebsites.net" X-Forwarded-Proto="https" X-AppService-Proto="https" X-Forwarded-TlsVersion="1.3" X-WAWS-Unencoded-URL="/api/publish?type=zip&amp;async=False" X-Client-IP="68.220.61.180" X-Client-Port="58369" >
        <step title="Outgoing response" date="2025-11-21T07:27:00.660" type="response" statusCode="400" statusText="BadRequest" /><!-- duration: 2ms -->
      </step><!-- duration: 51ms -->
