<step title="BackgroundTrace" date="2025-11-21T09:04:09.278" instance="dc7a13" url="/api/publish" method="POST" >
  <step title="Creating temporary deployment - FetchDeploymentManager" date="2025-11-21T09:04:09.365" /><!-- duration: 1ms -->
  <step title="Creating temporary deployment" date="2025-11-21T09:04:09.369" /><!-- duration: 108ms -->
  <step title="Performing fetch based deployment" date="2025-11-21T09:04:09.501" >
    <step title="Cleaning up temp folders from previous zip deployments and extracting pushed zip file /tmp/zipdeploy/9f647f30-f984-4a05-b854-b4b333e50cf7.zip (5.84 MB) to /tmp/zipdeploy/extracted" date="2025-11-21T09:04:10.702" >
      <step title="ChmodRecursive Process exited with total time taken in ms: 162" date="2025-11-21T09:04:13.689" /><!-- duration: 10ms -->
    </step><!-- duration: 3026ms -->
    <step title="Deployment timer started" date="2025-11-21T09:04:15.760" >
      <step title="DeploymentManager.Deploy(id:b0b05b99-4f2d-4dac-b963-e2294fb7523f)" date="2025-11-21T09:04:15.762" >
        <step title="Collecting changeset information" date="2025-11-21T09:04:15.812" /><!-- duration: 382ms -->
        <step title="Updating submodules" date="2025-11-21T09:04:16.198" /><!-- duration: 1156ms -->
        <step title="Determining deployment builder" date="2025-11-21T09:04:17.604" >
          <step title="Builder is OneDeployBuilder" date="2025-11-21T09:04:17.617" /><!-- duration: 10ms -->
        </step><!-- duration: 32ms -->
        <step title="PreDeployment: context.CleanOutputPath False" date="2025-11-21T09:04:17.692" >
          <step title="PreDeployment: context.OutputPath /home/site/wwwroot" date="2025-11-21T09:04:17.830" >
            <step title="Building" date="2025-11-21T09:04:17.991" >
              <step title="Executing external process" date="2025-11-21T09:04:18.878" type="process" path="starter.sh" arguments="/opt/Kudu/Scripts/absoluteTar.sh /tmp/zipdeploy/extracted/node_modules /tmp/zipdeploy/extracted/node_modules.tar.gz" /><!-- duration: 2988ms -->
              <step title="Executing external process" date="2025-11-21T09:04:22.133" type="process" path="starter.sh" arguments="/opt/Kudu/Scripts/parallel_rsync.sh /tmp/zipdeploy/extracted /home/site/wwwroot 8 /tmp/ False False node_modules " /><!-- duration: 3293ms -->
              <step title="Modified file to trigger a restart of the app container." date="2025-11-21T09:04:26.291" /><!-- duration: 2ms -->
              <step title="Skip function trigger and logicapp sync because function is not enabled." date="2025-11-21T09:04:26.296" /><!-- duration: 10ms -->
            </step><!-- duration: 9810ms -->
          </step><!-- duration: 9979ms -->
          <step title="Cleaning up temp files" date="2025-11-21T09:04:27.811" /><!-- duration: 3ms -->
          <step title="Cleaning up temp files" date="2025-11-21T09:04:27.820" /><!-- duration: 503ms -->
          <step title="Reloading status file with latest updates" date="2025-11-21T09:04:28.371" >
            <step title="WebHooksManager.PublishEventAsync: PostDeployment" date="2025-11-21T09:04:28.374" /><!-- duration: 32ms -->
          </step><!-- duration: 47ms -->
          <step title="Cleaning up temporary deployment - fetch deployment was successful" date="2025-11-21T09:04:28.422" /><!-- duration: 1ms -->
        </step><!-- duration: 10791ms -->
      </step><!-- duration: 12731ms -->
