<step title="Incoming Request" date="2025-11-21T08:31:18.111" instance="dc7a13" url="/api/publish?async=true&amp;deployer=GITHUB_ONE_DEPLOY&amp;type=zip&amp;message=%7B%22type%22%3A%22deployment%22%2C%22sha%22%3A%2277f69e219357fac7d3d58fc1e46a3bf5353f3ef4%22%2C%22repoName%22%3A%22dgarneau%2FHuronPortal%22%2C%22actor%22%3A%22dgarneau%22%2C%22slotName%22%3A%22production%22%2C%22commitMessage%22%3A%22Try%20azure%2Fwebapps-deploy%40v3%22%7D" method="POST" type="request" pid="835,1,7" Host="huronportal-app.scm.azurewebsites.net" User-Agent="GITHUBACTIONS_DeployWebAppToAzure_dd3dbb18a26dd962b30e142571140b8914ca238723dbbb805b338b095eb8c181" Authorization="Bas..." Content-Type="application/octet-stream" Cookie="ARRAffinity=dc7a138dfcb63bce17254cc4321cf14c9178fc6ae4c339b927686049d314ddf6;Path=/;HttpOnly;Secure;Domain=huronportal-app.scm.azurewebsites.net; ARRAffinitySameSite=dc7a138dfcb63bce17254cc4321cf14c9178fc6ae4c339b927686049d314ddf6;Path=/;HttpOnly;SameSite=None;Secure;Domain=huronportal-app.scm.azurewebsites.net" Transfer-Encoding="chunked" X-ARR-LOG-ID="ca861d11-df58-4a04-b1c7-24ea6b81271f" CLIENT-IP="64.236.153.84:11264" X-SITE-DEPLOYMENT-ID="huronportal-app" WAS-DEFAULT-HOSTNAME="huronportal-app.scm.azurewebsites.net" X-Forwarded-Proto="https" X-AppService-Proto="https" X-Forwarded-TlsVersion="1.3" X-WAWS-Unencoded-URL="/api/publish?async=true&amp;deployer=GITHUB_ONE_DEPLOY&amp;type=zip&amp;message=%7B%22type%22%3A%22deployment%22%2C%22sha%22%3A%2277f69e219357fac7d3d58fc1e46a3bf5353f3ef4%22%2C%22repoName%22%3A%22dgarneau%2FHuronPortal%22%2C%22actor%22%3A%22dgarneau%22%2C%22slotName%22%3A%22production%22%2C%22commitMessage%22%3A%22Try%20azure%2Fwebapps-deploy%40v3%22%7D" X-Client-IP="64.236.153.84" X-Client-Port="11264" >
  <step title="Cleanup Xml Logs" date="2025-11-21T08:31:18.113" /><!-- duration: 27ms -->
  <step title="OneDeploy" date="2025-11-21T08:31:18.575" >
    <step title="None repository commit" date="2025-11-21T08:31:18.624" >
      <step title="Commit id: 680872ad-5dde-4a85-93e0-cdd4dc3fe24c" date="2025-11-21T08:31:18.627" Message="N/A" AuthorName="N/A" AuthorEmail="N/A" /><!-- duration: 11ms -->
    </step><!-- duration: 20ms -->
    <step title="Starting PushDeployAsync" date="2025-11-21T08:31:18.656" /><!-- duration: 27ms -->
    <step title="Writing artifact to /tmp/zipdeploy/06e34a0c-1fa5-47fd-a295-ee93ef5d9000.zip" date="2025-11-21T08:31:18.737" >
      <step title="Writing multipart request body to /tmp/zipdeploy/06e34a0c-1fa5-47fd-a295-ee93ef5d9000.zip" date="2025-11-21T08:31:18.767" /><!-- duration: 17ms -->
    </step><!-- duration: 691ms -->
    <step title="Start deployment in the background" date="2025-11-21T08:31:19.521" >
      <step title="Acquiring Deployment Lock" date="2025-11-21T08:31:19.594" /><!-- duration: 7ms -->
      <step title="Acquired Deployment Lock" date="2025-11-21T08:31:19.674" /><!-- duration: 7ms -->
    </step><!-- duration: 321ms -->
  </step><!-- duration: 1287ms -->
  <step title="Outgoing response" date="2025-11-21T08:31:19.884" type="response" statusCode="202" statusText="Accepted" /><!-- duration: 8ms -->
</step><!-- duration: 1783ms -->
