<step title="Incoming Request" date="2025-11-21T08:21:29.438" instance="dc7a13" url="/api/publish?async=true&amp;deployer=GITHUB_ONE_DEPLOY&amp;type=zip&amp;message=%7B%22type%22%3A%22deployment%22%2C%22sha%22%3A%2277f69e219357fac7d3d58fc1e46a3bf5353f3ef4%22%2C%22repoName%22%3A%22dgarneau%2FHuronPortal%22%2C%22actor%22%3A%22dgarneau%22%2C%22slotName%22%3A%22production%22%2C%22commitMessage%22%3A%22Try%20azure%2Fwebapps-deploy%40v3%22%7D" method="POST" type="request" pid="831,1,16" Host="huronportal-app.scm.azurewebsites.net" User-Agent="GITHUBACTIONS_DeployWebAppToAzure_dd3dbb18a26dd962b30e142571140b8914ca238723dbbb805b338b095eb8c181" Authorization="Bas..." Content-Type="application/octet-stream" Cookie="ARRAffinity=dc7a138dfcb63bce17254cc4321cf14c9178fc6ae4c339b927686049d314ddf6;Path=/;HttpOnly;Secure;Domain=huronportal-app.scm.azurewebsites.net; ARRAffinitySameSite=dc7a138dfcb63bce17254cc4321cf14c9178fc6ae4c339b927686049d314ddf6;Path=/;HttpOnly;SameSite=None;Secure;Domain=huronportal-app.scm.azurewebsites.net" Transfer-Encoding="chunked" X-ARR-LOG-ID="2608ddbd-e317-4b58-b04e-5f88b770d3f9" CLIENT-IP="52.154.131.102:32768" X-SITE-DEPLOYMENT-ID="huronportal-app" WAS-DEFAULT-HOSTNAME="huronportal-app.scm.azurewebsites.net" X-Forwarded-Proto="https" X-AppService-Proto="https" X-Forwarded-TlsVersion="1.3" X-WAWS-Unencoded-URL="/api/publish?async=true&amp;deployer=GITHUB_ONE_DEPLOY&amp;type=zip&amp;message=%7B%22type%22%3A%22deployment%22%2C%22sha%22%3A%2277f69e219357fac7d3d58fc1e46a3bf5353f3ef4%22%2C%22repoName%22%3A%22dgarneau%2FHuronPortal%22%2C%22actor%22%3A%22dgarneau%22%2C%22slotName%22%3A%22production%22%2C%22commitMessage%22%3A%22Try%20azure%2Fwebapps-deploy%40v3%22%7D" X-Client-IP="52.154.131.102" X-Client-Port="32768" >
  <step title="OneDeploy" date="2025-11-21T08:21:29.529" >
    <step title="None repository commit" date="2025-11-21T08:21:29.609" >
      <step title="Commit id: 2f37efca-6429-481e-8a5d-bead14f5c42a" date="2025-11-21T08:21:29.618" Message="N/A" AuthorName="N/A" AuthorEmail="N/A" /><!-- duration: 9ms -->
    </step><!-- duration: 20ms -->
    <step title="Starting PushDeployAsync" date="2025-11-21T08:21:29.667" /><!-- duration: 2ms -->
    <step title="Writing artifact to /tmp/zipdeploy/86cafc77-33b4-4c84-b3de-75cda97c334c.zip" date="2025-11-21T08:21:29.708" >
      <step title="Writing multipart request body to /tmp/zipdeploy/86cafc77-33b4-4c84-b3de-75cda97c334c.zip" date="2025-11-21T08:21:29.719" /><!-- duration: 41ms -->
    </step><!-- duration: 254ms -->
    <step title="Start deployment in the background" date="2025-11-21T08:21:29.980" >
      <step title="Acquiring Deployment Lock" date="2025-11-21T08:21:30.016" /><!-- duration: 3ms -->
      <step title="Acquired Deployment Lock" date="2025-11-21T08:21:30.080" /><!-- duration: 86ms -->
    </step><!-- duration: 259ms -->
  </step><!-- duration: 720ms -->
  <step title="Outgoing response" date="2025-11-21T08:21:30.259" type="response" statusCode="202" statusText="Accepted" /><!-- duration: 2ms -->
</step><!-- duration: 829ms -->
