<step title="Incoming Request" date="2025-11-21T08:51:05.189" instance="dc7a13" url="/api/publish?async=true&amp;deployer=GITHUB_ONE_DEPLOY&amp;type=zip&amp;message=%7B%22type%22%3A%22deployment%22%2C%22sha%22%3A%22971f04acf4619e063b46e90825cda08e4ff8ee5c%22%2C%22repoName%22%3A%22dgarneau%2FHuronPortal%22%2C%22actor%22%3A%22dgarneau%22%2C%22slotName%22%3A%22production%22%2C%22commitMessage%22%3A%22Fix%20deploy%20static%20folder%20creation%22%7D" method="POST" type="request" pid="831,1,7" Host="huronportal-app.scm.azurewebsites.net" User-Agent="GITHUBACTIONS_DeployWebAppToAzure_dd3dbb18a26dd962b30e142571140b8914ca238723dbbb805b338b095eb8c181" Authorization="Bas..." Content-Type="application/octet-stream" Cookie="ARRAffinity=dc7a138dfcb63bce17254cc4321cf14c9178fc6ae4c339b927686049d314ddf6;Path=/;HttpOnly;Secure;Domain=huronportal-app.scm.azurewebsites.net; ARRAffinitySameSite=dc7a138dfcb63bce17254cc4321cf14c9178fc6ae4c339b927686049d314ddf6;Path=/;HttpOnly;SameSite=None;Secure;Domain=huronportal-app.scm.azurewebsites.net" Transfer-Encoding="chunked" X-ARR-LOG-ID="ab0c3fe8-885c-4b53-996c-5d0afb509cce" CLIENT-IP="20.161.58.230:29744" X-SITE-DEPLOYMENT-ID="huronportal-app" WAS-DEFAULT-HOSTNAME="huronportal-app.scm.azurewebsites.net" X-Forwarded-Proto="https" X-AppService-Proto="https" X-Forwarded-TlsVersion="1.3" X-WAWS-Unencoded-URL="/api/publish?async=true&amp;deployer=GITHUB_ONE_DEPLOY&amp;type=zip&amp;message=%7B%22type%22%3A%22deployment%22%2C%22sha%22%3A%22971f04acf4619e063b46e90825cda08e4ff8ee5c%22%2C%22repoName%22%3A%22dgarneau%2FHuronPortal%22%2C%22actor%22%3A%22dgarneau%22%2C%22slotName%22%3A%22production%22%2C%22commitMessage%22%3A%22Fix%20deploy%20static%20folder%20creation%22%7D" X-Client-IP="20.161.58.230" X-Client-Port="29744" >
  <step title="OneDeploy" date="2025-11-21T08:51:05.531" >
    <step title="None repository commit" date="2025-11-21T08:51:05.561" >
      <step title="Commit id: 7e998a2e-1c64-44a8-a7a9-f40cc28e59f5" date="2025-11-21T08:51:05.570" Message="N/A" AuthorName="N/A" AuthorEmail="N/A" /><!-- duration: 10ms -->
    </step><!-- duration: 22ms -->
    <step title="Starting PushDeployAsync" date="2025-11-21T08:51:05.600" /><!-- duration: 14ms -->
    <step title="Removing node_modules symlink" date="2025-11-21T08:51:05.643" >
      <step title="Removing _del_node_modules symlink" date="2025-11-21T08:51:05.723" >
        <step title="Writing artifact to /tmp/zipdeploy/1af63421-3958-4f3c-9465-813a7c7b7b2c.zip" date="2025-11-21T08:51:05.763" >
          <step title="Writing multipart request body to /tmp/zipdeploy/1af63421-3958-4f3c-9465-813a7c7b7b2c.zip" date="2025-11-21T08:51:05.772" /><!-- duration: 2ms -->
        </step><!-- duration: 212ms -->
        <step title="Start deployment in the background" date="2025-11-21T08:51:05.994" >
          <step title="Acquiring Deployment Lock" date="2025-11-21T08:51:06.033" /><!-- duration: 2ms -->
          <step title="Acquired Deployment Lock" date="2025-11-21T08:51:06.100" /><!-- duration: 3ms -->
        </step><!-- duration: 183ms -->
      </step><!-- duration: 464ms -->
      <step title="Outgoing response" date="2025-11-21T08:51:06.198" type="response" statusCode="202" statusText="Accepted" /><!-- duration: 4ms -->
    </step><!-- duration: 564ms -->
