<step title="Incoming Request" date="2025-11-21T09:04:08.715" instance="dc7a13" url="/api/publish?async=true&amp;deployer=GITHUB_ONE_DEPLOY&amp;type=zip&amp;message=%7B%22type%22%3A%22deployment%22%2C%22sha%22%3A%221d89349635cf5e7af9c82ebed317fafe10558a76%22%2C%22repoName%22%3A%22dgarneau%2FHuronPortal%22%2C%22actor%22%3A%22dgarneau%22%2C%22slotName%22%3A%22production%22%2C%22commitMessage%22%3A%22Fix%3A%20Production%20login%20issues%20-%20bcryptjs%20%2B%20Azure%20config%5Cn%5Cn-%20Replace%20bcrypt%20with%20bcryptjs%20for%20serverless%20compatibility%5Cn-%20Add%20Azure%20deployment%20configuration%20(web.config%2C%20ecosystem.config.js)%5Cn-%20Add%20enhanced%20error%20logging%20for%20debugging%5Cn-%20Update%20GitHub%20Actions%20workflow%20for%20proper%20standalone%20deployment%5Cn-%20Add%20configuration%20scripts%20and%20documentation%5Cn-%20Fix%20SESSION_SECRET%20environment%20variable%20naming%5Cn%5CnFixes%20%23500%20errors%20and%20%23404%20errors%20on%20API%20routes%20in%20production%22%7D" method="POST" type="request" pid="831,1,30" Host="huronportal-app.scm.azurewebsites.net" User-Agent="GITHUBACTIONS_DeployWebAppToAzure_dd3dbb18a26dd962b30e142571140b8914ca238723dbbb805b338b095eb8c181" Authorization="Bas..." Content-Type="application/octet-stream" Cookie="ARRAffinity=dc7a138dfcb63bce17254cc4321cf14c9178fc6ae4c339b927686049d314ddf6;Path=/;HttpOnly;Secure;Domain=huronportal-app.scm.azurewebsites.net; ARRAffinitySameSite=dc7a138dfcb63bce17254cc4321cf14c9178fc6ae4c339b927686049d314ddf6;Path=/;HttpOnly;SameSite=None;Secure;Domain=huronportal-app.scm.azurewebsites.net" Transfer-Encoding="chunked" X-ARR-LOG-ID="a1a842f0-435c-4e79-ac07-57e2a7f95456" CLIENT-IP="4.246.134.182:54320" X-SITE-DEPLOYMENT-ID="huronportal-app" WAS-DEFAULT-HOSTNAME="huronportal-app.scm.azurewebsites.net" X-Forwarded-Proto="https" X-AppService-Proto="https" X-Forwarded-TlsVersion="1.3" X-WAWS-Unencoded-URL="/api/publish?async=true&amp;deployer=GITHUB_ONE_DEPLOY&amp;type=zip&amp;message=%7B%22type%22%3A%22deployment%22%2C%22sha%22%3A%221d89349635cf5e7af9c82ebed317fafe10558a76%22%2C%22repoName%22%3A%22dgarneau%2FHuronPortal%22%2C%22actor%22%3A%22dgarneau%22%2C%22slotName%22%3A%22production%22%2C%22commitMessage%22%3A%22Fix%3A%20Production%20login%20issues%20-%20bcryptjs%20%2B%20Azure%20config%5Cn%5Cn-%20Replace%20bcrypt%20with%20bcryptjs%20for%20serverless%20compatibility%5Cn-%20Add%20Azure%20deployment%20configuration%20(web.config%2C%20ecosystem.config.js)%5Cn-%20Add%20enhanced%20error%20logging%20for%20debugging%5Cn-%20Update%20GitHub%20Actions%20workflow%20for%20proper%20standalone%20deployment%5Cn-%20Add%20configuration%20scripts%20and%20documentation%5Cn-%20Fix%20SESSION_SECRET%20environment%20variable%20naming%5Cn%5CnFixes%20%23500%20errors%20and%20%23404%20errors%20on%20API%20routes%20in%20production%22%7D" X-Client-IP="4.246.134.182" X-Client-Port="54320" >
  <step title="OneDeploy" date="2025-11-21T09:04:08.769" >
    <step title="Starting PushDeployAsync" date="2025-11-21T09:04:08.780" /><!-- duration: 4ms -->
    <step title="Removing node_modules symlink" date="2025-11-21T09:04:08.798" >
      <step title="Writing artifact to /tmp/zipdeploy/9f647f30-f984-4a05-b854-b4b333e50cf7.zip" date="2025-11-21T09:04:08.896" >
        <step title="Writing multipart request body to /tmp/zipdeploy/9f647f30-f984-4a05-b854-b4b333e50cf7.zip" date="2025-11-21T09:04:08.899" /><!-- duration: 7ms -->
      </step><!-- duration: 363ms -->
      <step title="Start deployment in the background" date="2025-11-21T09:04:09.268" >
        <step title="Acquiring Deployment Lock" date="2025-11-21T09:04:09.309" /><!-- duration: 31ms -->
        <step title="Acquired Deployment Lock" date="2025-11-21T09:04:09.362" /><!-- duration: 1ms -->
      </step><!-- duration: 211ms -->
    </step><!-- duration: 688ms -->
    <step title="Outgoing response" date="2025-11-21T09:04:09.489" type="response" statusCode="202" statusText="Accepted" /><!-- duration: 2ms -->
  </step><!-- duration: 724ms -->
