<step title="Incoming Request" date="2025-11-21T07:01:33.477" instance="dc7a13" url="/api/publish?type=zip&amp;async=True" method="POST" type="request" pid="833,1,7" Accept="*/*" Host="huronportal-app.scm.azurewebsites.net" User-Agent="AZURECLI/2.79.0 (DEB)" Accept-Encoding="gzip, deflate" Authorization="Bea..." Cache-Control="no-cache" Content-Type="application/octet-stream" Cookie="ARRAffinity=dc7a138dfcb63bce17254cc4321cf14c9178fc6ae4c339b927686049d314ddf6; ARRAffinitySameSite=dc7a138dfcb63bce17254cc4321cf14c9178fc6ae4c339b927686049d314ddf6" Content-Length="5871037" x-ms-client-request-id="d2a595e6-c6a7-11f0-a059-000d3a37bf16" x-ms-artifact-checksum="bf21cd9b3c8d25381a67eb4b33ac6ed8e223a8366fa9f34e0ef6d2982f9cd86c" X-ARR-LOG-ID="d2a595e6-c6a7-11f0-a059-000d3a37bf16" CLIENT-IP="172.184.209.162:60417" X-SITE-DEPLOYMENT-ID="huronportal-app" WAS-DEFAULT-HOSTNAME="huronportal-app.scm.azurewebsites.net" X-Forwarded-Proto="https" X-AppService-Proto="https" X-Forwarded-TlsVersion="1.3" X-WAWS-Unencoded-URL="/api/publish?type=zip&amp;async=True" X-Client-IP="172.184.209.162" X-Client-Port="60417" >
  <step title="OneDeploy" date="2025-11-21T07:01:34.021" >
    <step title="None repository commit" date="2025-11-21T07:01:34.083" >
      <step title="Commit id: 82a6dfd1-65f1-4e3c-b184-3b1dae838592" date="2025-11-21T07:01:34.163" Message="N/A" AuthorName="N/A" AuthorEmail="N/A" /><!-- duration: 58ms -->
    </step><!-- duration: 140ms -->
    <step title="Starting PushDeployAsync" date="2025-11-21T07:01:34.322" /><!-- duration: 51ms -->
    <step title="Writing artifact to /tmp/zipdeploy/754fc321-10d8-4dfc-9df8-e80fb801fb16.zip" date="2025-11-21T07:01:34.543" >
      <step title="Writing multipart request body to /tmp/zipdeploy/754fc321-10d8-4dfc-9df8-e80fb801fb16.zip" date="2025-11-21T07:01:34.604" /><!-- duration: 22ms -->
    </step><!-- duration: 949ms -->
    <step title="Start deployment in the background" date="2025-11-21T07:01:35.540" >
      <step title="Acquiring Deployment Lock" date="2025-11-21T07:01:35.651" /><!-- duration: 19ms -->
      <step title="Acquired Deployment Lock" date="2025-11-21T07:01:35.792" /><!-- duration: 11ms -->
    </step><!-- duration: 504ms -->
  </step><!-- duration: 2103ms -->
  <step title="Outgoing response" date="2025-11-21T07:01:36.245" type="response" statusCode="202" statusText="Accepted" /><!-- duration: 8ms -->
</step><!-- duration: 2788ms -->
