<step title="BackgroundTrace" date="2025-11-21T08:31:19.532" instance="dc7a13" url="/api/publish" method="POST" >
  <step title="Creating temporary deployment - FetchDeploymentManager" date="2025-11-21T08:31:19.683" /><!-- duration: 2ms -->
  <step title="Creating temporary deployment" date="2025-11-21T08:31:19.701" /><!-- duration: 133ms -->
  <step title="Performing fetch based deployment" date="2025-11-21T08:31:19.922" >
    <step title="Cleaning up temp folders from previous zip deployments and extracting pushed zip file /tmp/zipdeploy/06e34a0c-1fa5-47fd-a295-ee93ef5d9000.zip (6.23 MB) to /tmp/zipdeploy/extracted" date="2025-11-21T08:31:21.423" >
      <step title="ChmodRecursive Process exited with total time taken in ms: 392" date="2025-11-21T08:31:26.819" /><!-- duration: 9ms -->
    </step><!-- duration: 5527ms -->
    <step title="Deployment timer started" date="2025-11-21T08:31:29.028" >
      <step title="DeploymentManager.Deploy(id:680872ad-5dde-4a85-93e0-cdd4dc3fe24c)" date="2025-11-21T08:31:29.036" >
        <step title="Collecting changeset information" date="2025-11-21T08:31:29.047" /><!-- duration: 134ms -->
        <step title="Updating submodules" date="2025-11-21T08:31:29.185" /><!-- duration: 1137ms -->
        <step title="Determining deployment builder" date="2025-11-21T08:31:30.564" >
          <step title="Builder is OneDeployBuilder" date="2025-11-21T08:31:30.585" /><!-- duration: 2ms -->
        </step><!-- duration: 29ms -->
        <step title="PreDeployment: context.CleanOutputPath False" date="2025-11-21T08:31:30.641" >
          <step title="PreDeployment: context.OutputPath /home/site/wwwroot" date="2025-11-21T08:31:30.769" >
            <step title="Building" date="2025-11-21T08:31:30.906" >
              <step title="Executing external process" date="2025-11-21T08:31:31.687" type="process" path="starter.sh" arguments="/opt/Kudu/Scripts/absoluteTar.sh /tmp/zipdeploy/extracted/node_modules /tmp/zipdeploy/extracted/node_modules.tar.gz" /><!-- duration: 5086ms -->
              <step title="Executing external process" date="2025-11-21T08:31:37.158" type="process" path="starter.sh" arguments="/opt/Kudu/Scripts/parallel_rsync.sh /tmp/zipdeploy/extracted /home/site/wwwroot 8 /tmp/ False False node_modules " /><!-- duration: 14186ms -->
              <step title="Modified file to trigger a restart of the app container." date="2025-11-21T08:31:52.214" /><!-- duration: 9ms -->
              <step title="Skip function trigger and logicapp sync because function is not enabled." date="2025-11-21T08:31:52.242" /><!-- duration: 22ms -->
              <step title="Purge deployment items" date="2025-11-21T08:31:53.055" >
                <step title="Remove 2f37efca-, Failed, received at 11/21/2025 08:21:37" date="2025-11-21T08:31:53.111" /><!-- duration: 1ms -->
              </step><!-- duration: 59ms -->
            </step><!-- duration: 22274ms -->
          </step><!-- duration: 22413ms -->
          <step title="Cleaning up temp files" date="2025-11-21T08:31:53.183" /><!-- duration: 3ms -->
          <step title="Cleaning up temp files" date="2025-11-21T08:31:53.200" /><!-- duration: 534ms -->
          <step title="Reloading status file with latest updates" date="2025-11-21T08:31:53.789" >
            <step title="WebHooksManager.PublishEventAsync: PostDeployment" date="2025-11-21T08:31:53.807" /><!-- duration: 69ms -->
          </step><!-- duration: 89ms -->
          <step title="Cleaning up temporary deployment - fetch deployment was successful" date="2025-11-21T08:31:53.881" /><!-- duration: 2ms -->
        </step><!-- duration: 23317ms -->
      </step><!-- duration: 24936ms -->
