﻿<?xml version="1.0" encoding="utf-8"?>
<deployment>
  <id>7e998a2e-1c64-44a8-a7a9-f40cc28e59f5</id>
  <author>N/A</author>
  <deployer>OneDeploy</deployer>
  <authorEmail>N/A</authorEmail>
  <message>OneDeploy</message>
  <progress></progress>
  <status>Success</status>
  <statusText></statusText>
  <lastSuccessEndTime>2025-11-21T08:51:24.7510828Z</lastSuccessEndTime>
  <receivedTime>2025-11-21T08:51:11.7117606Z</receivedTime>
  <startTime>2025-11-21T08:51:13.0911967Z</startTime>
  <endTime>2025-11-21T08:51:24.7510828Z</endTime>
  <complete>True</complete>
  <is_temp>False</is_temp>
  <is_readonly>True</is_readonly>
  <buildSummary />
</deployment>