﻿<?xml version="1.0" encoding="utf-8"?>
<deployment>
  <id>b0b05b99-4f2d-4dac-b963-e2294fb7523f</id>
  <author>N/A</author>
  <deployer>OneDeploy</deployer>
  <authorEmail>N/A</authorEmail>
  <message>OneDeploy</message>
  <progress></progress>
  <status>Success</status>
  <statusText></statusText>
  <lastSuccessEndTime>2025-11-21T09:04:26.7739778Z</lastSuccessEndTime>
  <receivedTime>2025-11-21T09:04:16.1386896Z</receivedTime>
  <startTime>2025-11-21T09:04:17.5344164Z</startTime>
  <endTime>2025-11-21T09:04:26.7739778Z</endTime>
  <complete>True</complete>
  <is_temp>False</is_temp>
  <is_readonly>True</is_readonly>
  <buildSummary />
</deployment>