﻿<?xml version="1.0" encoding="utf-8"?>
<deployment>
  <id>680872ad-5dde-4a85-93e0-cdd4dc3fe24c</id>
  <author>N/A</author>
  <deployer>OneDeploy</deployer>
  <authorEmail>N/A</authorEmail>
  <message>OneDeploy</message>
  <progress></progress>
  <status>Success</status>
  <statusText></statusText>
  <lastSuccessEndTime>2025-11-21T08:31:52.77056Z</lastSuccessEndTime>
  <receivedTime>2025-11-21T08:31:29.1056264Z</receivedTime>
  <startTime>2025-11-21T08:31:30.4917159Z</startTime>
  <endTime>2025-11-21T08:31:52.77056Z</endTime>
  <complete>True</complete>
  <is_temp>False</is_temp>
  <is_readonly>True</is_readonly>
  <buildSummary />
</deployment>